Date,station,river_hight,rainfall
6/14/2024,Putupaula,0.75,1.4
6/14/2024,Ellagawa,5.25,0
6/14/2024,Rathnapura,1.38,0
6/14/2024,Magura,1.75,0
6/14/2024,Kalawellawa,2.47,0
6/13/2024,Putupaula,0.92,5
6/13/2024,Ellagawa,5.64,10.9
6/13/2024,Rathnapura,1.58,0.3
6/13/2024,Magura,2.1,2.3
6/13/2024,Kalawellawa,3.46,0
6/12/2024,Putupaula,0.92,2.4
6/12/2024,Ellagawa,5.73,0.8
6/12/2024,Rathnapura,1.74,3.2
6/12/2024,Magura,2.11,7.9
6/12/2024,Kalawellawa,3.49,8.7
6/12/2024,Putupaula,1.28,4.1
6/11/2024,Ellagawa,6.19,6.4
6/11/2024,Rathnapura,1.96,1.1
6/11/2024,Magura,2.18,3.8
6/11/2024,Kalawellawa,4.02,3.4
6/10/2024,Putupaula,2.06,18.2
6/10/2024,Ellagawa,7.54,5.6
6/10/2024,Rathnapura,2.74,6.7
6/10/2024,Magura,2.45,2.1
6/10/2024,Kalawellawa,5.29,0
6/9/2024,Putupaula,2.28,1.2
6/9/2024,Ellagawa,6.88,32.2
6/9/2024,Rathnapura,3.1,42.3
6/9/2024,Magura,2.62,16.9
6/9/2024,Kalawellawa,5.68,18.5
6/8/2024,Putupaula,3.41,9.9
6/8/2024,Ellagawa,7.57,32.8
6/8/2024,Rathnapura,3.31,7.7
6/8/2024,Magura,2.83,6.1
6/8/2024,Kalawellawa,6.8,26.4
6/7/2024,Putupaula,4.38,2.8
6/7/2024,Ellagawa,9.12,10.5
6/7/2024,Rathnapura,3.32,23.2
6/7/2024,Magura,3.03,32.9
6/7/2024,Kalawellawa,7.76,8.8
6/5/2024,Putupaula,5.48,0
6/5/2024,Ellagawa,11.64,9.5
6/5/2024,Rathnapura,6.02,15.4
6/5/2024,Magura,4.21,0
6/5/2024,Kalawellawa,9.9,6.7
6/4/2024,Putupaula,5.52,1
6/4/2024,Ellagawa,12.53,5.4
6/4/2024,Rathnapura,7.2,1.4
6/4/2024,Magura,5.36,0
6/4/2024,Kalawellawa,,
6/3/2024,Putupaula,5.02,23.2
6/3/2024,Ellagawa,12.77,71.8
6/3/2024,Rathnapura,8.47,72.2
6/3/2024,Magura,6.62,11.4
6/3/2024,Kalawellawa,11.34,22.2
6/2/2024,Putupaula,3.81,33.7
6/2/2024,Ellagawa,12.06,457.9
6/2/2024,Rathnapura,8.22,180.5
6/2/2024,Magura,7.1,162.5
6/2/2024,Kalawellawa,8.55,149.8
6/1/2024,Putupaula,2.83,32.5
6/1/2024,Ellagawa,8.6,65
6/1/2024,Rathnapura,3.76,23.9
6/1/2024,Magura,5.27,47.6
6/1/2024,Kalawellawa,6.35,61
5/31/2024,Putupaula,2.81,1.3
5/31/2024,Ellagawa,9,1.9
5/31/2024,Rathnapura,4.72,0.7
5/31/2024,Magura,3.58,0.7
5/31/2024,Kalawellawa,6.42,1
5/29/2024,Putupaula,2.87,11.3
5/29/2024,Ellagawa,9.03,26.6
5/29/2024,Rathnapura,5.07,26.8
5/29/2024,Magura,3.98,15
5/29/2024,Kalawellawa,6.83,14.7
5/28/2024,Putupaula,2.74,16.6
5/28/2024,Ellagawa,8.82,39.9
5/28/2024,Rathnapura,6.35,26.1
5/28/2024,Magura,4.57,19.8
5/28/2024,Kalawellawa,6.63,37.1
5/27/2024,Putupaula,2.68,23
5/27/2024,Ellagawa,8.62,25.2
5/27/2024,Rathnapura,5.32,22.7
5/27/2024,Magura,4.3,27.9
5/27/2024,Kalawellawa,6.42,30.9
5/26/2024,Putupaula,2.72,25.3
5/26/2024,Ellagawa,8.6,33.2
5/26/2024,Rathnapura,4.9,30.9
5/26/2024,Magura,3.33,8.2
5/26/2024,Kalawellawa,6.38,30.3
5/25/2024,Putupaula,2.95,19.2
5/25/2024,Ellagawa,8.49,34
5/25/2024,Rathnapura,4.45,14.5
5/25/2024,Magura,3.35,15
5/25/2024,Kalawellawa,6.73,24.5
5/24/2024,Putupaula,3.09,13.9
5/24/2024,Ellagawa,8.65,28.3
5/24/2024,Rathnapura,4.61,13.3
5/24/2024,Magura,3.44,0
5/24/2024,Kalawellawa,7.2,9.6
5/23/2024,Putupaula,3.15,21.6
5/23/2024,Ellagawa,8.55,5.2
5/23/2024,Rathnapura,5.17,5.2
5/23/2024,Magura,4.3,27.1
5/23/2024,Kalawellawa,7.45,53.5
5/22/2024,Putupaula,3.14,5.3
5/22/2024,Ellagawa,8.55,16.8
5/22/2024,Rathnapura,4,18.3
5/22/2024,Magura,4.41,22.8
5/22/2024,Kalawellawa,7.55,24.5
5/21/2024,Putupaula,2.98,68.5
5/21/2024,Ellagawa,8.56,82.1
5/21/2024,Rathnapura,4.36,37.9
5/21/2024,Magura,5.03,63.6
5/21/2024,Kalawellawa,7.25,122.8
5/20/2024,Putupaula,1.98,31.3
5/20/2024,Ellagawa,7.18,71
5/20/2024,Rathnapura,3.05,34.2
5/20/2024,Magura,4.67,28.4
5/20/2024,Kalawellawa,5.75,94
5/19/2024,Putupaula,0.98,24.9
5/19/2024,Ellagawa,5.08,13.4
5/19/2024,Rathnapura,1.47,11.8
5/19/2024,Magura,2.99,51.4
5/19/2024,Kalawellawa,4.2,45.9
5/15/2024,Putupaula,1.18,17.9
5/15/2024,Ellagawa,5.63,25
5/15/2024,Rathnapura,1.72,10.1
5/15/2024,Magura,5.04,65.1
5/15/2024,Kalawellawa,4.81,44.2
5/4/2024,Putupaula,0.53,0
5/4/2024,Ellagawa,4.31,0
5/4/2024,Rathnapura,0.82,0.6
5/4/2024,Magura,1.38,0
5/4/2024,Kalawellawa,2.04,0
4/28/2024,Putupaula,1.33,6.5
4/28/2024,Ellagawa,7.3,76.8
4/28/2024,Rathnapura,4.2,59.3
4/28/2024,Magura,4.03,19
4/28/2024,Kalawellawa,5,96.4
4/22/2024,Putupaula,0.43,16.2
4/22/2024,Ellagawa,4.88,5.8
4/22/2024,Rathnapura,1.09,4.2
4/22/2024,Magura,1.16,0
4/22/2024,Kalawellawa,2,1.8
4/13/2024,Putupaula,0.55,23.1
4/13/2024,Ellagawa,4.35,1.6
4/13/2024,Rathnapura,0.75,8.3
4/13/2024,Magura,1.29,0
4/13/2024,Kalawellawa,2.65,29.7
3/13/2024,Putupaula,0.3,0
3/13/2024,Ellagawa,3.86,0
3/13/2024,Rathnapura,0.51,0
3/13/2024,Magura,0.52,0
3/13/2024,Kalawellawa,1.37,0
3/12/2024,Putupaula,0.14,0
3/12/2024,Ellagawa,3.88,0
3/12/2024,Rathnapura,0.45,0
3/12/2024,Magura,0.55,0
3/12/2024,Kalawellawa,1.31,0
2/14/2024,Putupaula,0.43,0
2/14/2024,Ellagawa,4.15,0
2/14/2024,Rathnapura,0.73,4.6
2/14/2024,Magura,0.86,0
2/14/2024,Kalawellawa,1.7,0
2/7/2024,Putupaula,0.48,0
2/7/2024,Ellagawa,4.7,0
2/7/2024,Rathnapura,1.18,0
2/7/2024,Magura,1.47,0
2/7/2024,Kalawellawa,2.05,0
2/6/2024,Putupaula,0.85,11.7
2/6/2024,Ellagawa,5.63,2.8
2/6/2024,Rathnapura,2.24,15
2/6/2024,Magura,2.74,14.7
2/6/2024,Kalawellawa,3.44,0
2/5/2024,Putupaula,0.69,17
2/5/2024,Ellagawa,5.77,36.7
2/5/2024,Rathnapura,2.05,8.2
2/5/2024,Magura,1.35,0.7
2/5/2024,Kalawellawa,3.34,42.3
1/27/2024,Putupaula,0.25,0
1/27/2024,Ellagawa,4.17,0
1/27/2024,Rathnapura,0.72,0
1/27/2024,Magura,0.9,0
1/27/2024,Kalawellawa,1.65,0
1/24/2024,Putupaula,0.25,0
1/24/2024,Ellagawa,4.36,0
1/24/2024,Rathnapura,0.91,0
1/24/2024,Magura,1.1,0
1/24/2024,Kalawellawa,1.75,0
1/22/2024,Putupaula,0.45,0
1/22/2024,Ellagawa,4.78,0
1/22/2024,Rathnapura,1.25,0
1/22/2024,Magura,1.27,0
1/22/2024,Kalawellawa,1.96,0
1/20/2024,Putupaula,0.73,21
1/20/2024,Ellagawa,5.2,6.2
1/20/2024,Rathnapura,1.29,32.8
1/20/2024,Magura,2.9,8.5
1/20/2024,Kalawellawa,2.95,42.7
1/19/2024,Putupaula,0.52,1.1
1/19/2024,Ellagawa,4.42,0.4
1/19/2024,Rathnapura,1.37,5.1
1/19/2024,Magura,1.04,1.3
1/19/2024,Kalawellawa,1.76,1
1/18/2024,Putupaula,0.52,0
1/18/2024,Ellagawa,4.3,0
1/18/2024,Rathnapura,0.83,0
1/18/2024,Magura,0.95,0
1/18/2024,Kalawellawa,1.63,0
1/17/2024,Putupaula,0.53,0
1/17/2024,Ellagawa,4.34,0
1/17/2024,Rathnapura,0.87,0
1/17/2024,Magura,0.99,0
1/17/2024,Kalawellawa,1.72,0
1/16/2024,Putupaula,0.5,0
1/16/2024,Ellagawa,4.4,0
1/16/2024,Rathnapura,1,0
1/16/2024,Magura,1.06,0
1/16/2024,Kalawellawa,1.7,0
1/15/2024,Putupaula,0.5,0
1/15/2024,Ellagawa,4.47,0
1/15/2024,Rathnapura,0.99,0
1/15/2024,Magura,1.1,0
1/15/2024,Kalawellawa,1.8,0
1/14/2024,Putupaula,0.41,0
1/14/2024,Ellagawa,4.55,0
1/14/2024,Rathnapura,1.03,0
1/14/2024,Magura,1.28,0
1/14/2024,Kalawellawa,1.9,0
1/13/2024,Putupaula,0.37,0
1/13/2024,Ellagawa,4.67,0
1/13/2024,Rathnapura,1.14,0
1/13/2024,Magura,1.28,0
1/13/2024,Kalawellawa,1.93,0
1/12/2024,Putupaula,0.46,0
1/12/2024,Ellagawa,4.87,0
1/12/2024,Rathnapura,1.34,0
1/12/2024,Magura,1.41,0
1/12/2024,Kalawellawa,2.22,1.5
1/11/2024,Putupaula,0.43,0.3
1/11/2024,Ellagawa,5.13,2.7
1/11/2024,Rathnapura,1.64,4.4
1/11/2024,Magura,1.58,1.2
1/11/2024,Kalawellawa,2.15,0
1/10/2024,Putupaula,0.6,0
1/10/2024,Ellagawa,5.49,0.5
1/10/2024,Rathnapura,1.77,0.6
1/10/2024,Magura,1.61,0
1/10/2024,Kalawellawa,2.52,0
1/9/2024,Putupaula,0.71,5.7
1/9/2024,Ellagawa,5.42,9.7
1/9/2024,Rathnapura,1.88,13.4
1/9/2024,Magura,1.79,27.2
1/9/2024,Kalawellawa,3.45,12.1
1/8/2024,Putupaula,1.51,12.2
1/8/2024,Ellagawa,6.72,61.2
1/8/2024,Rathnapura,3.03,4.2
1/8/2024,Magura,2.41,29
1/8/2024,Kalawellawa,5,47.3
1/7/2024,Putupaula,1.25,4.5
1/7/2024,Ellagawa,6.95,59.4
1/7/2024,Rathnapura,3.98,29.8
1/7/2024,Magura,3.02,32
1/7/2024,Kalawellawa,4.83,11.9
1/6/2024,Putupaula,0.72,0
1/6/2024,Ellagawa,6.16,0
1/6/2024,Rathnapura,2.5,43.4
1/6/2024,Magura,1.79,4.6
1/6/2024,Kalawellawa,3.13,0
1/5/2024,Putupaula,0.65,0
1/5/2024,Ellagawa,6.19,0
1/5/2024,Rathnapura,4.12,1.1
1/5/2024,Magura,1.2,0
1/5/2024,Kalawellawa,2.27,0
1/4/2024,Putupaula,0.58,4
1/4/2024,Ellagawa,5.66,0
1/4/2024,Rathnapura,1.98,26
1/4/2024,Magura,1.26,0
1/4/2024,Kalawellawa,1.97,0
1/3/2024,Putupaula,0.8,0
1/3/2024,Ellagawa,4.84,0
1/3/2024,Rathnapura,1.12,0
1/3/2024,Magura,1.65,0
1/3/2024,Kalawellawa,2.45,0
1/2/2024,Putupaula,0.95,5.9
1/2/2024,Ellagawa,5.35,38.4
1/2/2024,Rathnapura,1.57,13.7
1/2/2024,Magura,3.52,20
1/2/2024,Kalawellawa,3.73,20
1/1/2024,Putupaula,0.82,14.2
1/1/2024,Ellagawa,5.59,70.7
1/1/2024,Rathnapura,1.68,8.5
1/1/2024,Magura,1.8,20.9
1/1/2024,Kalawellawa,3.12,22.4
12/31/2023,Putupaula,0.44,0
12/31/2023,Ellagawa,4.77,25.1
12/31/2023,Rathnapura,1.08,13.8
12/31/2023,Magura,1.34,0.8
12/31/2023,Kalawellawa,2.29,0
12/30/2023,Putupaula,0.37,0.9
12/30/2023,Ellagawa,4.67,2.4
12/30/2023,Rathnapura,1.12,4.9
12/30/2023,Magura,1.17,0
12/30/2023,Kalawellawa,1.9,0
12/29/2023,Putupaula,0.27,0
12/29/2023,Ellagawa,4.61,0.5
12/29/2023,Rathnapura,1.03,0.6
12/29/2023,Magura,1.25,1.3
12/29/2023,Kalawellawa,1.82,0
12/28/2023,Putupaula,0.23,1.6
12/28/2023,Ellagawa,4.69,0.2
12/28/2023,Rathnapura,1.11,5.6
12/28/2023,Magura,1.25,2.5
12/28/2023,Kalawellawa,1.92,1
12/27/2023,Putupaula,0.22,0
12/27/2023,Ellagawa,4.73,0
12/27/2023,Rathnapura,1.08,0
12/27/2023,Magura,1.33,0
12/27/2023,Kalawellawa,2.38,0
12/24/2023,Putupaula,0.42,0
12/24/2023,Ellagawa,5.03,0
12/24/2023,Rathnapura,1.31,1.5
12/24/2023,Magura,1.57,0
12/24/2023,Kalawellawa,2.48,0
12/23/2023,Putupaula,0.61,0
12/23/2023,Ellagawa,5.3,0
12/23/2023,Rathnapura,1.48,0.3
12/23/2023,Magura,1.68,0
12/23/2023,Kalawellawa,2.55,0
12/22/2023,Putupaula,0.87,1.2
12/22/2023,Ellagawa,5.5,0.6
12/22/2023,Rathnapura,1.65,5.3
12/22/2023,Magura,2.01,0
12/22/2023,Kalawellawa,3.54,5.9
12/21/2023,Putupaula,1.12,5.3
12/21/2023,Ellagawa,6,0
12/21/2023,Rathnapura,2,9
12/21/2023,Magura,2.07,1.2
12/21/2023,Kalawellawa,3.86,7.5
12/20/2023,Putupaula,2.09,4.7
12/20/2023,Ellagawa,7.28,26.3
12/20/2023,Rathnapura,2.75,1.4
12/20/2023,Magura,2.89,2.7
12/20/2023,Kalawellawa,5.41,45.8
12/19/2023,Putupaula,1.69,1.9
12/19/2023,Ellagawa,7.82,7.4
12/19/2023,Rathnapura,4.19,32.5
12/19/2023,Magura,3.47,22.5
12/19/2023,Kalawellawa,5.22,8.4
12/18/2023,Putupaula,1.76,0
12/18/2023,Ellagawa,6.34,6.8
12/18/2023,Rathnapura,2.19,0
12/18/2023,Magura,2.66,0
12/18/2023,Kalawellawa,5.36,0
12/17/2023,Putupaula,2.13,8.5
12/17/2023,Ellagawa,7.37,14.7
12/17/2023,Rathnapura,4.66,7.6
12/17/2023,Magura,4.58,19.3
12/17/2023,Kalawellawa,6.1,21.9
12/16/2023,Putupaula,2.6,71.4
12/16/2023,Ellagawa,7.34,31.2
12/16/2023,Rathnapura,3.09,24.9
12/16/2023,Magura,2.61,10.7
12/16/2023,Kalawellawa,6.68,32.3
12/15/2023,Putupaula,2.54,14.7
12/15/2023,Ellagawa,7.76,84
12/15/2023,Rathnapura,3.1,24.2
12/15/2023,Magura,3.2,2.3
12/15/2023,Kalawellawa,7.3,20.3
12/14/2023,Putupaula,2.25,1.4
12/14/2023,Ellagawa,6.49,0
12/14/2023,Rathnapura,2.33,0.1
12/14/2023,Magura,4.52,11.2
12/14/2023,Kalawellawa,7.67,5.2
12/13/2023,Putupaula,2.26,45.5
12/13/2023,Ellagawa,7.23,5.1
12/13/2023,Rathnapura,3.11,3.1
12/13/2023,Magura,6.01,10
12/13/2023,Kalawellawa,7.02,58.3
12/12/2023,Putupaula,2.18,47
12/12/2023,Ellagawa,7.75,88.2
12/12/2023,Rathnapura,3.4,2.3
12/12/2023,Magura,5.25,37
12/12/2023,Kalawellawa,5.86,72.4
12/11/2023,Putupaula,1.98,39.6
12/11/2023,Ellagawa,7.46,70.5
12/11/2023,Rathnapura,2.16,26.7
12/11/2023,Magura,3.38,3.2
12/11/2023,Kalawellawa,5.16,32.2
12/10/2023,Putupaula,1.4,1.9
12/10/2023,Ellagawa,6.25,8.5
12/10/2023,Rathnapura,2.19,0.9
12/10/2023,Magura,2.88,5.6
12/10/2023,Kalawellawa,4.65,37.5
12/9/2023,Putupaula,1.69,35.3
12/9/2023,Ellagawa,7.63,67
12/9/2023,Rathnapura,4.07,30.7
12/9/2023,Magura,2.67,6.7
12/9/2023,Kalawellawa,4.82,32.9
12/8/2023,Putupaula,1.18,0
12/8/2023,Ellagawa,6.68,2.5
12/8/2023,Rathnapura,3.2,9.4
12/8/2023,Magura,2.56,0
12/8/2023,Kalawellawa,4.71,4.4
12/7/2023,Putupaula,1.41,3.3
12/7/2023,Ellagawa,6,9.8
12/7/2023,Rathnapura,1.91,8.4
12/7/2023,Magura,3.94,29.4
12/7/2023,Kalawellawa,5.53,5.4
12/6/2023,Putupaula,1.8,12.6
12/6/2023,Ellagawa,6.78,5.8
12/6/2023,Rathnapura,2.49,10.4
12/6/2023,Magura,2.86,21.1
12/6/2023,Kalawellawa,5.66,11.4
12/5/2023,Putupaula,2.02,5.2
12/5/2023,Ellagawa,7.84,10.3
12/5/2023,Rathnapura,3.5,9.9
12/5/2023,Magura,3.58,12.7
12/5/2023,Kalawellawa,5.66,24.3
12/4/2023,Putupaula,1.08,44.1
12/4/2023,Ellagawa,6.63,78.1
12/4/2023,Rathnapura,4.11,66.4
12/4/2023,Magura,3.91,41.2
12/4/2023,Kalawellawa,3.63,102.1
12/3/2023,Putupaula,0.68,0.2
12/3/2023,Ellagawa,5.16,0
12/3/2023,Rathnapura,1.42,0
12/3/2023,Magura,1.54,0
12/3/2023,Kalawellawa,2.39,2.9
12/2/2023,Putupaula,0.71,1.2
12/2/2023,Ellagawa,5.44,1.6
12/2/2023,Rathnapura,1.63,0.6
12/2/2023,Magura,1.6,1.3
12/2/2023,Kalawellawa,2.6,0
11/30/2023,Putupaula,1.75,0
11/30/2023,Ellagawa,7.02,25.8
11/30/2023,Rathnapura,2.41,40.4
11/30/2023,Magura,2.45,3.4
11/30/2023,Kalawellawa,5.28,0
11/29/2023,Putupaula,1.98,98.2
11/29/2023,Ellagawa,7.15,51.2
11/29/2023,Rathnapura,2.43,32.5
11/29/2023,Magura,4.58,27.2
11/29/2023,Kalawellawa,5.71,110.5
11/28/2023,Putupaula,1.1,4.5
11/28/2023,Ellagawa,5.92,3.8
11/28/2023,Rathnapura,2.11,18.2
11/28/2023,Magura,3.16,14.7
11/28/2023,Kalawellawa,4,4.5
11/27/2023,Putupaula,0.83,3.5
11/27/2023,Ellagawa,5.75,13.3
11/27/2023,Rathnapura,1.95,9
11/27/2023,Magura,2.19,8.5
11/27/2023,Kalawellawa,3.25,3.4
11/26/2023,Putupaula,1.2,15.2
11/26/2023,Ellagawa,6.12,18.7
11/26/2023,Rathnapura,2.22,5.3
11/26/2023,Magura,2.39,2.1
11/26/2023,Kalawellawa,4.06,27.2
11/25/2023,Putupaula,2.38,4.5
11/25/2023,Ellagawa,7.3,42.3
11/25/2023,Rathnapura,2.49,1.9
11/25/2023,Magura,2.7,5.3
11/25/2023,Kalawellawa,5.37,52.7
11/24/2023,Putupaula,2.6,0.9
11/24/2023,Ellagawa,8.6,0
11/24/2023,Rathnapura,4.2,0.4
11/24/2023,Magura,3.21,0
11/24/2023,Kalawellawa,6.13,0
11/23/2023,Putupaula,2.57,0.9
11/23/2023,Ellagawa,8.72,0
11/23/2023,Rathnapura,8.72,0.4
11/23/2023,Magura,3.87,0
11/23/2023,Kalawellawa,6.28,0
11/22/2023,Putupaula,1.35,24.4
11/22/2023,Ellagawa,7.09,44.4
11/22/2023,Rathnapura,4.57,2.4
11/22/2023,Magura,2.35,1.2
11/22/2023,Kalawellawa,4.23,19
11/21/2023,Putupaula,1.67,0
11/21/2023,Ellagawa,7.66,31.4
11/21/2023,Rathnapura,3.05,3.3
11/21/2023,Magura,1.87,0
11/21/2023,Kalawellawa,4.58,0
11/20/2023,Putupaula,1.68,5.9
11/20/2023,Ellagawa,8.18,55.4
11/20/2023,Rathnapura,4.31,41
11/20/2023,Magura,1.54,4.4
11/20/2023,Kalawellawa,3.61,7.9
11/19/2023,Putupaula,1.42,46.3
11/19/2023,Ellagawa,7.63,5
11/19/2023,Rathnapura,6.15,101.5
11/19/2023,Magura,2.11,2.1
11/19/2023,Kalawellawa,4.51,3.1
11/18/2023,Putupaula,1.04,0.6
11/18/2023,Ellagawa,6.71,35.7
11/18/2023,Rathnapura,3.46,14.6
11/18/2023,Magura,3.13,2.8
11/18/2023,Kalawellawa,4.05,1.8
11/17/2023,Putupaula,0.7,0
11/17/2023,Ellagawa,6.06,0
11/17/2023,Rathnapura,2.31,0
11/17/2023,Magura,1.47,0
11/17/2023,Kalawellawa,2.61,0
11/16/2023,Putupaula,0.84,0.9
11/16/2023,Ellagawa,6.1,4
11/16/2023,Rathnapura,2.01,4.5
11/16/2023,Magura,1.67,0
11/16/2023,Kalawellawa,3.06,0
11/15/2023,Putupaula,1.22,7.6
11/15/2023,Ellagawa,6.24,0.1
11/15/2023,Rathnapura,2.27,0
11/15/2023,Magura,1.79,1.4
11/15/2023,Kalawellawa,3.73,2.2
11/14/2023,Putupaula,1.8,4.9
11/14/2023,Ellagawa,7.7,2.7
11/14/2023,Rathnapura,3.64,38.4
11/14/2023,Magura,2.8,19
11/14/2023,Kalawellawa,4.86,6.4
11/13/2023,Putupaula,1.59,7.3
11/13/2023,Ellagawa,7.69,6.8
11/13/2023,Rathnapura,4.95,24.6
11/13/2023,Magura,3.37,6.6
11/13/2023,Kalawellawa,4.98,28.2
11/12/2023,Putupaula,1.65,0
11/12/2023,Ellagawa,6.68,5
11/12/2023,Rathnapura,2.77,0
11/12/2023,Magura,2.55,3.4
11/12/2023,Kalawellawa,5.15,14.3
11/11/2023,Putupaula,2.18,1.6
11/11/2023,Ellagawa,7.84,12.5
11/11/2023,Rathnapura,2.88,14.6
11/11/2023,Magura,2.68,10.5
11/11/2023,Kalawellawa,5.86,1.5
11/10/2023,Putupaula,2.17,3.9
11/10/2023,Ellagawa,8.16,94.5
11/10/2023,Rathnapura,4.18,17.6
11/10/2023,Magura,2.98,14.8
11/10/2023,Kalawellawa,6.08,22.3
11/9/2023,Putupaula,2.27,5.2
11/9/2023,Ellagawa,7.38,8.2
11/9/2023,Rathnapura,3.05,0.9
11/9/2023,Magura,3.57,10
11/9/2023,Kalawellawa,6.02,45.8
11/8/2023,Putupaula,2.43,4.3
11/8/2023,Ellagawa,8.35,8.3
11/8/2023,Rathnapura,3.83,2.5
11/8/2023,Magura,2.99,14.7
11/8/2023,Kalawellawa,6,41
11/7/2023,Putupaula,2.32,21.2
11/7/2023,Ellagawa,8.49,74.4
11/7/2023,Rathnapura,5.11,35
11/7/2023,Magura,2.47,2.1
11/7/2023,Kalawellawa,5.72,65.1
11/6/2023,Putupaula,1.86,8.9
11/6/2023,Ellagawa,7.8,11.9
11/6/2023,Rathnapura,4.35,14.2
11/6/2023,Magura,2.8,2.5
11/6/2023,Kalawellawa,4.88,37.7
11/5/2023,Putupaula,1.95,12.2
11/5/2023,Ellagawa,7.72,16.3
11/5/2023,Rathnapura,3.6,18.5
11/5/2023,Magura,2.5,0
11/5/2023,Kalawellawa,5.2,7.8
11/4/2023,Putupaula,2.13,0
11/4/2023,Ellagawa,7.74,52
11/4/2023,Rathnapura,3.47,1839
11/4/2023,Magura,2.52,4.6
11/4/2023,Kalawellawa,5.66,3.6
11/3/2023,Putupaula,2.64,11.4
11/3/2023,Ellagawa,8,60.7
11/3/2023,Rathnapura,3.09,0.9
11/3/2023,Magura,3.97,38.7
11/3/2023,Kalawellawa,6.05,4.3
11/2/2023,Putupaula,2.81,1.8
11/2/2023,Ellagawa,8.71,4.4
11/2/2023,Rathnapura,4.9,32.1
11/2/2023,Magura,3.13,14.2
11/2/2023,Kalawellawa,6.63,1.6
11/1/2023,Putupaula,2.74,5.8
11/1/2023,Ellagawa,8.86,65.7
11/1/2023,Rathnapura,4.8,21.1
11/1/2023,Magura,4.11,32.5
11/1/2023,Kalawellawa,6.76,33.3
9/30/2023,Putupaula,3.87,14.6
9/30/2023,Ellagawa,10.4,75.5
9/30/2023,Rathnapura,6.66,47.5
9/30/2023,Magura,5.16,18.4
9/30/2023,Kalawellawa,8.41,47.3
9/29/2023,Putupaula,3.18,29.9
9/29/2023,Ellagawa,9.54,58.2
9/29/2023,Rathnapura,6.78,43.8
9/29/2023,Magura,5.4,23
9/29/2023,Kalawellawa,7.67,72.8
9/28/2023,Putupaula,2.4,22.9
9/28/2023,Ellagawa,8.3,88.2
9/28/2023,Rathnapura,5.79,78
9/28/2023,Magura,4.78,27.1
9/28/2023,Kalawellawa,6.07,68.7
9/27/2023,Putupaula,1.76,36
9/27/2023,Ellagawa,6.99,63.8
9/27/2023,Rathnapura,2.3,26
9/27/2023,Magura,3.22,15.2
9/27/2023,Kalawellawa,5.25,78.1
9/23/2023,Putupaula,1.25,12.5
9/23/2023,Ellagawa,6.05,10
9/23/2023,Rathnapura,1.92,32.6
9/23/2023,Magura,3.1,10.8
9/23/2023,Kalawellawa,3.8,38
9/22/2023,Putupaula,1.12,3.5
9/22/2023,Ellagawa,5.49,2
9/22/2023,Rathnapura,1.36,14.6
9/22/2023,Magura,1.93,0
9/22/2023,Kalawellawa,3.97,21.2
9/21/2023,Putupaula,1.63,0
9/21/2023,Ellagawa,5.8,1.2
9/21/2023,Rathnapura,1.5,0
9/21/2023,Magura,3.19,0
9/21/2023,Kalawellawa,5.35,0
9/20/2023,Putupaula,1.95,119.2
9/20/2023,Ellagawa,7.06,56.8
9/20/2023,Rathnapura,2.57,24.9
9/20/2023,Magura,4.91,29.8
9/20/2023,Kalawellawa,5.09,81.1
9/19/2023,Putupaula,0.88,2.6
9/19/2023,Ellagawa,5.68,5.7
9/19/2023,Rathnapura,1.74,10
9/19/2023,Magura,1.73,6.7
9/19/2023,Kalawellawa,3.26,7.6
9/18/2023,Putupaula,0.79,5.8
9/18/2023,Ellagawa,5.39,15.5
9/18/2023,Rathnapura,1.35,2.5
9/18/2023,Magura,1.62,4.8
9/18/2023,Kalawellawa,3.18,18.7
9/17/2023,Putupaula,0.73,0
9/17/2023,Ellagawa,5.47,0
9/17/2023,Rathnapura,1.52,0
9/17/2023,Magura,1.75,0
9/17/2023,Kalawellawa,3.2,0
9/16/2023,Putupaula,1.18,0.7
9/16/2023,Ellagawa,6.36,0
9/16/2023,Rathnapura,2.1,0
9/16/2023,Magura,2.1,1.2
9/16/2023,Kalawellawa,3.83,0
9/15/2023,Putupaula,1.43,40.3
9/15/2023,Ellagawa,7.52,27.5
9/15/2023,Rathnapura,3.9,31.5
9/15/2023,Magura,2.83,25.5
9/15/2023,Kalawellawa,4.32,21.1
9/14/2023,Putupaula,0.83,3
9/14/2023,Ellagawa,6.29,12.9
9/14/2023,Rathnapura,2.71,31.6
9/14/2023,Magura,2.03,16.7
9/14/2023,Kalawellawa,3.51,9.8
9/13/2023,Putupaula,0.96,4
9/13/2023,Ellagawa,5.95,2.3
9/13/2023,Rathnapura,1.63,0.7
9/13/2023,Magura,1.92,0
9/13/2023,Kalawellawa,3.62,3.9
9/12/2023,Putupaula,1.21,9.6
9/12/2023,Ellagawa,6.68,65
9/12/2023,Rathnapura,2.12,20.3
9/12/2023,Magura,2.15,22.4
9/12/2023,Kalawellawa,4.25,25.5
9/11/2023,Putupaula,1,5.5
9/11/2023,Ellagawa,6,5.7
9/11/2023,Rathnapura,2.32,14.3
9/11/2023,Magura,2.68,1.6
9/11/2023,Kalawellawa,4.18,5.2
9/10/2023,Putupaula,1.93,0
9/10/2023,Ellagawa,6.29,8
9/10/2023,Rathnapura,1.96,2.9
9/10/2023,Magura,2.6,9.9
9/10/2023,Kalawellawa,5.41,3.2
9/9/2023,Putupaula,2.84,0
9/9/2023,Ellagawa,8.14,17.3
9/9/2023,Rathnapura,2.76,9.3
9/9/2023,Magura,2.71,1.4
9/9/2023,Kalawellawa,6.65,9.3
9/8/2023,Putupaula,2.97,27.4
9/8/2023,Ellagawa,8.76,28.9
9/8/2023,Rathnapura,4.82,49.6
9/8/2023,Magura,4.17,20.6
9/8/2023,Kalawellawa,7.03,40.8
9/7/2023,Putupaula,2.83,42.3
9/7/2023,Ellagawa,8.67,34.2
9/7/2023,Rathnapura,4.45,29.9
9/7/2023,Magura,4.31,39
9/7/2023,Kalawellawa,7.05,29
9/6/2023,Putupaula,2.67,32
9/6/2023,Ellagawa,8.03,56.1
9/6/2023,Rathnapura,5.38,46
9/6/2023,Magura,4.49,30.6
9/6/2023,Kalawellawa,6.55,35.8
9/5/2023,Putupaula,2.81,23.3
9/5/2023,Ellagawa,8.71,16.7
9/5/2023,Rathnapura,3.32,12.7
9/5/2023,Magura,3.4,31.4
9/5/2023,Kalawellawa,6.64,13.1
9/4/2023,Putupaula,2.59,56
9/4/2023,Ellagawa,8.65,48
9/4/2023,Rathnapura,6.12,59.5
9/4/2023,Magura,4.27,22.7
9/4/2023,Kalawellawa,6.37,44.3
9/3/2023,Putupaula,1.98,47.7
9/3/2023,Ellagawa,7.12,86.9
9/3/2023,Rathnapura,2.74,49.7
9/3/2023,Magura,3.33,27
9/3/2023,Kalawellawa,5.51,70.2
9/2/2023,Putupaula,1.49,47.2
9/2/2023,Ellagawa,6.21,84.6
9/2/2023,Rathnapura,1.77,42.7
9/2/2023,Magura,3.93,34.8
9/2/2023,Kalawellawa,4.88,86.6
9/1/2023,Putupaula,1.06,84.5
9/1/2023,Ellagawa,5.58,34.2
9/1/2023,Rathnapura,0.98,19.3
9/1/2023,Magura,3.43,40.5
9/1/2023,Kalawellawa,3.67,61.6
8/31/2023,Putupaula,0.41,6
8/31/2023,Ellagawa,4.57,32.4
8/31/2023,Rathnapura,0.71,2.8
8/31/2023,Magura,1.21,9.1
8/31/2023,Kalawellawa,1.8,25
8/27/2023,Putupaula,0.33,0.2
8/27/2023,Ellagawa,3.64,10.6
8/27/2023,Rathnapura,0.2,0
8/27/2023,Magura,0.47,0
8/27/2023,Kalawellawa,1.26,0
8/14/2023,Putupaula,0.14,0
8/14/2023,Ellagawa,3.81,0
8/14/2023,Rathnapura,0.26,0
8/14/2023,Magura,0.67,2.7
8/14/2023,Kalawellawa,1.29,0
7/17/2023,Putupaula,0.17,0
7/17/2023,Ellagawa,4.5,1
7/17/2023,Rathnapura,0.76,0.8
7/17/2023,Magura,1.11,3.3
7/17/2023,Kalawellawa,1.81,0.8
7/7/2023,Putupaula,1.02,0
7/7/2023,Ellagawa,5.99,0
7/7/2023,Rathnapura,1.82,0
7/7/2023,Magura,2.12,0
7/7/2023,Kalawellawa,3.74,0
7/5/2023,Putupaula,1.51,9.1
7/5/2023,Ellagawa,7.05,15.1
7/5/2023,Rathnapura,3.09,13.8
7/5/2023,Magura,3.18,8.6
7/5/2023,Kalawellawa,4.57,21.5
7/4/2023,Putupaula,1.75,2
7/4/2023,Ellagawa,8.09,3.3
7/4/2023,Rathnapura,3.41,7.2
7/4/2023,Magura,2.36,3.8
7/4/2023,Kalawellawa,4.6,3.5
7/3/2023,Putupaula,1.2,5.8
7/3/2023,Ellagawa,7.38,34.2
7/3/2023,Rathnapura,6.1,34.5
7/3/2023,Magura,3.49,22.1
7/3/2023,Kalawellawa,4.15,43.1
6/30/2023,Putupaula,1.17,17.7
6/30/2023,Ellagawa,7.29,31
6/30/2023,Rathnapura,3.37,99.4
6/30/2023,Magura,2.66,25.7
6/30/2023,Kalawellawa,4.11,38.8
6/19/2023,Putupaula,0.43,0
6/19/2023,Ellagawa,5.19,2.1
6/19/2023,Rathnapura,1.28,0.3
6/19/2023,Magura,1.7,2.5
6/19/2023,Kalawellawa,2.36,2.6
6/17/2023,Putupaula,0.6,0.6
6/17/2023,Ellagawa,5.29,3.9
6/17/2023,Rathnapura,1.3,1.7
6/17/2023,Magura,1.85,3.6
6/17/2023,Kalawellawa,2.99,0
6/16/2023,Putupaula,1.01,0
6/16/2023,Ellagawa,5.59,0.4
6/16/2023,Rathnapura,1.49,3.1
6/16/2023,Magura,2.11,0
6/16/2023,Kalawellawa,3.95,0.7
6/14/2023,Putupaula,2.35,5.5
6/14/2023,Ellagawa,8.76,11.4
6/14/2023,Rathnapura,4.16,22.8
6/14/2023,Magura,4.73,26.4
6/14/2023,Kalawellawa,5.91,12.8
6/13/2023,Putupaula,1.77,42.7
6/13/2023,Ellagawa,8.11,37.9
6/13/2023,Rathnapura,5.62,50.8
6/13/2023,Magura,3.72,29.7
6/13/2023,Kalawellawa,5.2,43.4
6/9/2023,Putupaula,1.44,2.9
6/9/2023,Ellagawa,6.22,4.2
6/9/2023,Rathnapura,2.07,1.4
6/9/2023,Magura,2.22,2.8
6/9/2023,Kalawellawa,4.44,4.5
6/8/2023,Putupaula,1.97,13.5
6/8/2023,Ellagawa,6.25,15
6/8/2023,Rathnapura,1.94,21.2
6/8/2023,Magura,2.9,13.5
6/8/2023,Kalawellawa,6.36,7.1
6/7/2023,Putupaula,2.45,5.2
6/7/2023,Ellagawa,6.12,9.7
6/7/2023,Rathnapura,1.46,2.8
6/7/2023,Magura,4.2,0
6/7/2023,Kalawellawa,7.32,2.8
6/6/2023,Putupaula,2.46,57.4
6/6/2023,Ellagawa,7.12,73
6/6/2023,Rathnapura,3.56,70.3
6/6/2023,Magura,5.75,64.6
6/6/2023,Kalawellawa,7.48,53.6
6/5/2023,Putupaula,2.21,5.6
6/5/2023,Ellagawa,5.83,27.4
6/5/2023,Rathnapura,1.29,0
6/5/2023,Magura,5.5,116
6/5/2023,Kalawellawa,7.19,2.8
6/4/2023,Putupaula,2.41,13.4
6/4/2023,Ellagawa,6.99,58.3
6/4/2023,Rathnapura,2.76,7.7
6/4/2023,Magura,5.5,45.6
6/4/2023,Kalawellawa,7.18,196.3
6/3/2023,Putupaula,2.44,4.2
6/3/2023,Ellagawa,8.55,5
6/3/2023,Rathnapura,3.12,0
6/3/2023,Magura,4.95,0
6/3/2023,Kalawellawa,6.81,4.6
6/2/2023,Putupaula,1.69,15
6/2/2023,Ellagawa,8.12,100
6/2/2023,Rathnapura,5.16,141.3
6/2/2023,Magura,5.97,49
6/2/2023,Kalawellawa,5.27,15.5
5/31/2023,Putupaula,0.62,28.7
5/31/2023,Ellagawa,5.27,1.7
5/31/2023,Rathnapura,2.17,70.1
5/31/2023,Magura,4.37,15
5/31/2023,Kalawellawa,3.81,24.6
5/30/2023,Putupaula,0.4,0
5/30/2023,Ellagawa,4.65,0.6
5/30/2023,Rathnapura,1,0.1
5/30/2023,Magura,1,0
5/30/2023,Kalawellawa,1.76,0
5/29/2023,Putupaula,0.49,0.6
5/29/2023,Ellagawa,4.18,1.7
5/29/2023,Rathnapura,0.63,0
5/29/2023,Magura,1.07,3.4
5/29/2023,Kalawellawa,1.67,0.9
5/22/2023,Putupaula,0.43,6.5
5/22/2023,Ellagawa,4.68,1.4
5/22/2023,Rathnapura,0.94,0
5/22/2023,Magura,2.95,0
5/22/2023,Kalawellawa,2.61,4.2
5/21/2023,Putupaula,0.42,5.9
5/21/2023,Ellagawa,5.2,0
5/21/2023,Rathnapura,1.62,8.4
5/21/2023,Magura,1.96,6.2
5/21/2023,Kalawellawa,2.56,0
5/20/2023,Putupaula,0.47,8.3
5/20/2023,Ellagawa,5.12,1.8
5/20/2023,Rathnapura,1.24,18.1
5/20/2023,Magura,3.45,0
5/20/2023,Kalawellawa,2.9,0
5/18/2023,Putupaula,0.47,0
5/18/2023,Ellagawa,5.3,0
5/18/2023,Rathnapura,1.13,22.8
5/18/2023,Magura,1.73,0
5/18/2023,Kalawellawa,2.91,0
5/17/2023,Putupaula,0.6,0
5/17/2023,Ellagawa,5.11,0
5/17/2023,Rathnapura,1.23,0
5/17/2023,Magura,1.95,0
5/17/2023,Kalawellawa,3.47,0
5/16/2023,Putupaula,1.29,0
5/16/2023,Ellagawa,5.69,0.5
5/16/2023,Rathnapura,1.6,0
5/16/2023,Magura,2.42,0
5/16/2023,Kalawellawa,5.11,3.3
5/15/2023,Putupaula,1.86,4.3
5/15/2023,Ellagawa,6.95,24.7
5/15/2023,Rathnapura,2.66,4.5
5/15/2023,Magura,4.31,26.5
5/15/2023,Kalawellawa,5.81,25.5
5/14/2023,Putupaula,2.15,2.5
5/14/2023,Ellagawa,7.41,8
5/14/2023,Rathnapura,2.63,20.1
5/14/2023,Magura,2.94,9.9
5/14/2023,Kalawellawa,5.97,11.8
5/13/2023,Putupaula,2,5.9
5/13/2023,Ellagawa,7.33,35.5
5/13/2023,Rathnapura,4.7,36.4
5/13/2023,Magura,4.27,11
5/13/2023,Kalawellawa,5.93,14.5
5/12/2023,Putupaula,2.02,27.2
5/12/2023,Ellagawa,7.57,64.8
5/12/2023,Rathnapura,2.63,51.1
5/12/2023,Magura,5.2,71.3
5/12/2023,Kalawellawa,5.43,65.4
5/10/2023,Putupaula,1.16,22.9
5/10/2023,Ellagawa,6.52,110.3
5/10/2023,Rathnapura,1.67,20.7
5/10/2023,Magura,1.52,9.7
5/10/2023,Kalawellawa,3.91,21.4
5/7/2023,Putupaula,0.35,4
5/7/2023,Ellagawa,4.66,7.4
5/7/2023,Rathnapura,1.15,12
5/7/2023,Magura,1.6,3.5
5/7/2023,Kalawellawa,2.3,16
5/6/2023,Putupaula,0.38,1
5/6/2023,Ellagawa,4.52,0
5/6/2023,Rathnapura,0.8,0
5/6/2023,Magura,1.5,1.2
5/6/2023,Kalawellawa,2.48,0.8
5/5/2023,Putupaula,0.47,52.1
5/5/2023,Ellagawa,4.49,7.4
5/5/2023,Rathnapura,1.11,4.5
5/5/2023,Magura,2.92,12.8
5/5/2023,Kalawellawa,3.12,19.3
5/4/2023,Putupaula,0.34,8.9
5/4/2023,Ellagawa,4.56,0.4
5/4/2023,Rathnapura,0.78,8.4
5/4/2023,Magura,1.81,4.8
5/4/2023,Kalawellawa,2.57,67.6
5/2/2023,Putupaula,0.64,1.6
5/2/2023,Ellagawa,5,29.4
5/2/2023,Rathnapura,1.18,6.8
5/2/2023,Magura,2.36,15.4
5/2/2023,Kalawellawa,3.37,38.5
4/30/2023,Putupaula,0.67,7.7
4/30/2023,Ellagawa,5.35,10.9
4/30/2023,Rathnapura,1.49,19.4
4/30/2023,Magura,1.5,3.6
4/30/2023,Kalawellawa,2.24,15.7
4/29/2023,Putupaula,0.68,14.5
4/29/2023,Ellagawa,4.9,60.4
4/29/2023,Rathnapura,0.81,14.8
4/29/2023,Magura,1.1,11
4/29/2023,Kalawellawa,2.23,44
3/2/2023,Putupaula,0.35,0
3/2/2023,Ellagawa,4.01,0
3/2/2023,Rathnapura,0.41,0
3/2/2023,Magura,1.15,0
3/2/2023,Kalawellawa,1.8,0
2/4/2023,Putupaula,0.49,22.6
2/4/2023,Ellagawa,5.06,9.9
2/4/2023,Rathnapura,1.17,65.3
2/4/2023,Magura,3.49,49.5
2/4/2023,Kalawellawa,3.38,38.9
2/1/2023,Putupaula,0.41,0.3
2/1/2023,Ellagawa,4,0
2/1/2023,Rathnapura,0.39,0
2/1/2023,Magura,0.8,0
2/1/2023,Kalawellawa,1.76,0
1/31/2023,Putupaula,0.44,0.3
1/31/2023,Ellagawa,4.06,0.5
1/31/2023,Rathnapura,0.41,0
1/31/2023,Magura,0.85,0
1/31/2023,Kalawellawa,1.7,0
12/26/2022,Putupaula,0.92,44.3
12/26/2022,Ellagawa,5.66,39.8
12/26/2022,Rathnapura,1.22,27.1
12/26/2022,Magura,1.2,3.6
12/26/2022,Kalawellawa,2.32,36.7
12/21/2022,Putupaula,0.49,0
12/21/2022,Ellagawa,4.45,0
12/21/2022,Rathnapura,0.8,4
12/21/2022,Magura,1.5,2.6
12/21/2022,Kalawellawa,2.12,0
12/18/2022,Putupaula,0.83,0
12/18/2022,Ellagawa,4.57,0
12/18/2022,Rathnapura,0.84,0
12/18/2022,Magura,1.54,0
12/18/2022,Kalawellawa,3.53,0
12/7/2022,Putupaula,0.61,0
12/7/2022,Ellagawa,5.09,0
12/7/2022,Rathnapura,1.13,0
12/7/2022,Magura,1.49,0
12/7/2022,Kalawellawa,2.48,0
12/6/2022,Putupaula,1.34,1.1
12/6/2022,Ellagawa,5.78,3.6
12/6/2022,Rathnapura,1.53,4.2
12/6/2022,Magura,1.85,0
12/6/2022,Kalawellawa,4.51,1.3
12/5/2022,Putupaula,2,121.4
12/5/2022,Ellagawa,7.55,60.8
12/5/2022,Rathnapura,2.83,16.3
12/5/2022,Magura,3.59,27.8
12/5/2022,Kalawellawa,5.43,64.3
12/3/2022,Putupaula,0.88,23
12/3/2022,Ellagawa,5.82,31.9
12/3/2022,Rathnapura,1.59,3.4
12/3/2022,Magura,1.41,26.1
12/3/2022,Kalawellawa,2.96,34.7
11/18/2022,Putupaula,0.81,0
11/18/2022,Ellagawa,5.29,0
11/18/2022,Rathnapura,1.45,0
11/18/2022,Magura,1.59,0
11/18/2022,Kalawellawa,3.13,0
11/17/2022,Putupaula,1.42,0
11/17/2022,Ellagawa,6.14,0
11/17/2022,Rathnapura,2.21,0.3
11/17/2022,Magura,1.96,0
11/17/2022,Kalawellawa,4.29,0
11/15/2022,Putupaula,2.21,138.4
11/15/2022,Ellagawa,8.13,129.8
11/15/2022,Rathnapura,5.01,65.5
11/15/2022,Magura,4.58,18.9
11/15/2022,Kalawellawa,5.73,70
11/12/2022,Putupaula,0.7,1
11/12/2022,Ellagawa,5.21,0
11/12/2022,Rathnapura,1.41,0.6
11/12/2022,Magura,1.61,0
11/12/2022,Kalawellawa,2.77,0
11/11/2022,Putupaula,0.94,1
11/11/2022,Ellagawa,5.8,0
11/11/2022,Rathnapura,1.85,7.8
11/11/2022,Magura,1.91,10.1
11/11/2022,Kalawellawa,3.63,9
11/10/2022,Putupaula,1.24,2.3
11/10/2022,Ellagawa,6.55,0.7
11/10/2022,Rathnapura,2.65,4.2
11/10/2022,Magura,2.48,5.3
11/10/2022,Kalawellawa,4.81,13.8
11/9/2022,Putupaula,1.2,3.5
11/9/2022,Ellagawa,6.61,96
11/9/2022,Rathnapura,2.33,28.3
11/9/2022,Magura,1.85,6.2
11/9/2022,Kalawellawa,3.79,7.2
11/8/2022,Putupaula,0.95,2.1
11/8/2022,Ellagawa,6.69,8.1
11/8/2022,Rathnapura,3,59.3
11/8/2022,Magura,2.11,3.5
11/8/2022,Kalawellawa,3.36,48.2
11/7/2022,Putupaula,0.8,0
11/7/2022,Ellagawa,6.12,0
11/7/2022,Rathnapura,2.27,27
11/7/2022,Magura,2.09,0.9
11/7/2022,Kalawellawa,3.24,0
11/6/2022,Putupaula,1.23,5.9
11/6/2022,Ellagawa,7.11,44.8
11/6/2022,Rathnapura,3.08,14.2
11/6/2022,Magura,3.41,10.7
11/6/2022,Kalawellawa,4.14,18.6
11/5/2022,Putupaula,0.79,25.5
11/5/2022,Ellagawa,6.27,16.1
11/5/2022,Rathnapura,2.51,3.4
11/5/2022,Magura,1.63,7.5
11/5/2022,Kalawellawa,3.04,11
10/31/2022,Putupaula,1.36,0
10/31/2022,Ellagawa,7.52,10.8
10/31/2022,Rathnapura,5.15,55.7
10/31/2022,Magura,1.68,0
10/31/2022,Kalawellawa,4.21,1.8
10/30/2022,Putupaula,0.99,3.5
10/30/2022,Ellagawa,5.8,1.3
10/30/2022,Rathnapura,1.75,24.8
10/30/2022,Magura,2.48,18
10/30/2022,Kalawellawa,3.17,14.7
10/27/2022,Putupaula,2,7.5
10/27/2022,Ellagawa,6.75,5.1
10/27/2022,Rathnapura,2.5,7.2
10/27/2022,Magura,2.8,7.9
10/27/2022,Kalawellawa,5.89,19
10/26/2022,Putupaula,2.47,1.4
10/26/2022,Ellagawa,7.43,16.4
10/26/2022,Rathnapura,2.68,9.7
10/26/2022,Magura,3.21,0
10/26/2022,Kalawellawa,6.67,8.2
10/23/2022,Putupaula,2.66,48
10/23/2022,Ellagawa,7.89,25.6
10/23/2022,Rathnapura,2.7,0
10/23/2022,Magura,4.03,9.2
10/23/2022,Kalawellawa,6.49,8.9
10/22/2022,Putupaula,2.4,29.1
10/22/2022,Ellagawa,8.53,21.7
10/22/2022,Rathnapura,4.38,19
10/22/2022,Magura,4.55,6.3
10/22/2022,Kalawellawa,6.35,27.2
10/21/2022,Putupaula,1.73,15.3
10/21/2022,Ellagawa,7.5,40
10/21/2022,Rathnapura,3.83,60.3
10/21/2022,Magura,2.98,35.9
10/21/2022,Kalawellawa,5,19.1
10/20/2022,Putupaula,2.4,6.7
10/20/2022,Ellagawa,6.87,9.7
10/20/2022,Rathnapura,2.08,0
10/20/2022,Magura,2.61,6.4
10/20/2022,Kalawellawa,6.18,12.8
10/19/2022,Putupaula,2.95,29.1
10/19/2022,Ellagawa,7.83,59.1
10/19/2022,Rathnapura,2.77,25.5
10/19/2022,Magura,3.66,22.8
10/19/2022,Kalawellawa,6.82,29.1
10/18/2022,Putupaula,3.38,22
10/18/2022,Ellagawa,8.24,9.7
10/18/2022,Rathnapura,2.82,17
10/18/2022,Magura,3.8,27.6
10/18/2022,Kalawellawa,7.17,27.1
10/17/2022,Putupaula,3.65,11.3
10/17/2022,Ellagawa,9.29,16
10/17/2022,Rathnapura,3.67,20
10/17/2022,Magura,3.7,24
10/17/2022,Kalawellawa,7.6,40.2
10/16/2022,Putupaula,3.68,4.1
10/16/2022,Ellagawa,9.94,4.4
10/16/2022,Rathnapura,4.95,12.6
10/16/2022,Magura,4.55,0
10/16/2022,Kalawellawa,8.05,20.1
10/15/2022,Putupaula,3.47,106.6
10/15/2022,Ellagawa,9.62,119.4
10/15/2022,Rathnapura,6.58,89.1
10/15/2022,Magura,5.92,113.5
10/15/2022,Kalawellawa,7.47,96.3
10/13/2022,Putupaula,1.66,66.5
10/13/2022,Ellagawa,7.27,118.4
10/13/2022,Rathnapura,2.1,69.1
10/13/2022,Magura,2.97,84.5
10/13/2022,Kalawellawa,4.72,85.9
9/6/2022,Putupaula,0.61,0.5
9/6/2022,Ellagawa,5.36,0
9/6/2022,Rathnapura,1.33,0
9/6/2022,Magura,1.67,0
9/6/2022,Kalawellawa,3.45,0
9/5/2022,Putupaula,2,40.4
9/5/2022,Ellagawa,6.78,38
9/5/2022,Rathnapura,3.38,8.5
9/5/2022,Magura,2.68,13.9
9/5/2022,Kalawellawa,5.73,68.1
9/4/2022,Putupaula,3.12,29.6
9/4/2022,Ellagawa,7.15,8.8
9/4/2022,Rathnapura,1.91,5.4
9/4/2022,Magura,2.45,15.3
9/4/2022,Kalawellawa,6.58,24.4
9/3/2022,Putupaula,3.59,1
9/3/2022,Ellagawa,9.37,3.5
9/3/2022,Rathnapura,3.28,6.5
9/3/2022,Magura,2.6,0
9/3/2022,Kalawellawa,7.67,1.3
8/31/2022,Putupaula,1.13,22.7
8/31/2022,Ellagawa,5.91,14.1
8/31/2022,Rathnapura,3.36,18.7
8/31/2022,Magura,4.47,20.8
8/31/2022,Kalawellawa,4.51,51.2
8/27/2022,Putupaula,1.19,22.8
8/27/2022,Ellagawa,7.54,61.9
8/27/2022,Rathnapura,5.25,78.5
8/27/2022,Magura,1.79,38.3
8/27/2022,Kalawellawa,3.66,17.9
8/8/2022,Putupaula,0.58,0
8/8/2022,Ellagawa,5.24,0
8/8/2022,Rathnapura,1.48,1.1
8/8/2022,Magura,1.48,0
8/8/2022,Kalawellawa,2.93,1.4
8/7/2022,Putupaula,0.71,1.1
8/7/2022,Ellagawa,5.66,0
8/7/2022,Rathnapura,1.76,0
8/7/2022,Magura,1.61,6.6
8/7/2022,Kalawellawa,3,4
8/6/2022,Putupaula,1.96,0.3
8/6/2022,Ellagawa,7.44,7.5
8/6/2022,Rathnapura,2.42,0
8/6/2022,Magura,1.77,0
8/6/2022,Kalawellawa,4.1,1.7
8/5/2022,Putupaula,2.58,0.5
8/5/2022,Ellagawa,9,6.7
8/5/2022,Rathnapura,4.35,15.4
8/5/2022,Magura,2.18,9.9
8/5/2022,Kalawellawa,5.17,0
8/4/2022,Putupaula,2.64,18.3
8/4/2022,Ellagawa,9.45,14.9
8/4/2022,Rathnapura,5.92,19
8/4/2022,Magura,2.7,14.9
8/4/2022,Kalawellawa,5.84,20.5
8/3/2022,Putupaula,2.42,15.6
8/3/2022,Ellagawa,9.39,22.2
8/3/2022,Rathnapura,7.07,21
8/3/2022,Magura,3.49,27.8
8/3/2022,Kalawellawa,5.78,15.9
8/2/2022,Putupaula,1.94,0.8
8/2/2022,Ellagawa,8.57,50.8
8/2/2022,Rathnapura,8.06,68
8/2/2022,Magura,2.94,7.1
8/2/2022,Kalawellawa,5.77,5.6
8/1/2022,Putupaula,0.9,5.9
8/1/2022,Ellagawa,6.42,4.7
8/1/2022,Rathnapura,4.46,33.6
8/1/2022,Magura,3.65,31
8/1/2022,Kalawellawa,3.9,27.2
7/22/2022,Putupaula,1.1,3.8
7/22/2022,Ellagawa,6.92,17
7/22/2022,Rathnapura,2.56,54.3
7/22/2022,Magura,3.22,15.9
7/22/2022,Kalawellawa,4.44,9.6
7/4/2022,Putupaula,1.31,0
7/4/2022,Ellagawa,7.6,0
7/4/2022,Rathnapura,2.92,7.8
7/4/2022,Magura,1.36,0
7/4/2022,Kalawellawa,3.51,0
7/3/2022,Putupaula,0.44,9.8
7/3/2022,Ellagawa,4.43,20.5
7/3/2022,Rathnapura,6.74,9.4
7/3/2022,Magura,1.51,33.8
7/3/2022,Kalawellawa,1.92,9.2
6/10/2022,Putupaula,0.92,0.7
6/10/2022,Ellagawa,5.99,9.8
6/10/2022,Rathnapura,1.81,0.6
6/10/2022,Magura,1.85,3.7
6/10/2022,Kalawellawa,3.32,0
6/7/2022,Putupaula,1.46,4.3
6/7/2022,Ellagawa,6.53,9.7
6/7/2022,Rathnapura,2.43,8.9
6/7/2022,Magura,2.75,4.3
6/7/2022,Kalawellawa,4.9,3.1
6/3/2022,Putupaula,3.52,7.3
6/3/2022,Ellagawa,8.64,9.9
6/3/2022,Rathnapura,3.75,21
6/3/2022,Magura,2.77,14.7
6/3/2022,Kalawellawa,7.48,30.6
6/2/2022,Putupaula,3.81,5.3
6/2/2022,Ellagawa,10.15,16.8
6/2/2022,Rathnapura,5.55,9.6
6/2/2022,Magura,4.73,13.9
6/2/2022,Kalawellawa,8.77,5.5
6/1/2022,Putupaula,3.35,70
6/1/2022,Ellagawa,9.79,89.2
6/1/2022,Rathnapura,7.05,50.9
6/1/2022,Magura,5.88,73.1
6/1/2022,Kalawellawa,8.27,72.9
5/31/2022,Putupaula,2.28,34.9
5/31/2022,Ellagawa,8.8,81.5
5/31/2022,Rathnapura,4.95,67.6
5/31/2022,Magura,4.99,94.1
5/31/2022,Kalawellawa,6.51,43.8
5/30/2022,Putupaula,2.21,11.1
5/30/2022,Ellagawa,7.7,21.6
5/30/2022,Rathnapura,3.3,19.1
5/30/2022,Magura,4.24,31.9
5/30/2022,Kalawellawa,6.45,19.5
5/29/2022,Putupaula,2.16,6.5
5/29/2022,Ellagawa,7.31,6.1
5/29/2022,Rathnapura,3.31,34.8
5/29/2022,Magura,4.37,45.2
5/29/2022,Kalawellawa,6.45,11.5
5/28/2022,Putupaula,2.28,28.4
5/28/2022,Ellagawa,7.41,21.2
5/28/2022,Rathnapura,3.47,24.2
5/28/2022,Magura,3.97,50.1
5/28/2022,Kalawellawa,6.56,34.5
5/27/2022,Putupaula,2.64,12.7
5/27/2022,Ellagawa,7.77,21.6
5/27/2022,Rathnapura,2.83,17.8
5/27/2022,Magura,3.66,31.2
5/27/2022,Kalawellawa,6.87,15.4
5/26/2022,Putupaula,2.56,3.8
5/26/2022,Ellagawa,8.67,21.9
5/26/2022,Rathnapura,3.6,15.3
5/26/2022,Magura,4.3,0
5/26/2022,Kalawellawa,7.02,2.9
5/25/2022,Putupaula,1.99,62.8
5/25/2022,Ellagawa,8.44,88.4
5/25/2022,Rathnapura,5.25,67.3
5/25/2022,Magura,5.58,157
5/25/2022,Kalawellawa,5.96,52.8
5/22/2022,Putupaula,1.27,2.6
5/22/2022,Ellagawa,6.1,8.8
5/22/2022,Rathnapura,2.03,4.2
5/22/2022,Magura,1.97,0
5/22/2022,Kalawellawa,3.99,3.7
5/21/2022,Putupaula,2.38,10.6
5/21/2022,Ellagawa,6.88,8.1
5/21/2022,Rathnapura,2.39,11.4
5/21/2022,Magura,2.31,9.1
5/21/2022,Kalawellawa,5.77,1.2
5/20/2022,Putupaula,3.07,6.3
5/20/2022,Ellagawa,8.4,16.7
5/20/2022,Rathnapura,3.6,5.4
5/20/2022,Magura,2.88,1.7
5/20/2022,Kalawellawa,6.75,12
5/19/2022,Putupaula,3.5,21.8
5/19/2022,Ellagawa,9.02,36.3
5/19/2022,Rathnapura,4.98,39.9
5/19/2022,Magura,4.27,30.4
5/19/2022,Kalawellawa,7.11,20.2
5/18/2022,Putupaula,3.9,15.1
5/18/2022,Ellagawa,9.68,21.1
5/18/2022,Rathnapura,4.82,26.3
5/18/2022,Magura,3.3,15.5
5/18/2022,Kalawellawa,7.52,15.1
5/17/2022,Putupaula,4.14,9.6
5/17/2022,Ellagawa,10.45,17.3
5/17/2022,Rathnapura,5.34,12
5/17/2022,Magura,3.26,12.1
5/17/2022,Kalawellawa,8.14,10.4
5/16/2022,Putupaula,4.03,9.8
5/16/2022,Ellagawa,10.93,11.3
5/16/2022,Rathnapura,6.71,4.6
5/16/2022,Magura,4.4,9.7
5/16/2022,Kalawellawa,8.69,12.4
5/15/2022,Putupaula,3.66,11.3
5/15/2022,Ellagawa,10.68,52.7
5/15/2022,Rathnapura,8.43,83.5
5/15/2022,Magura,5.47,22
5/15/2022,Kalawellawa,8.45,33.4
5/14/2022,Putupaula,3.16,74.9
5/14/2022,Ellagawa,9.87,70.6
5/14/2022,Rathnapura,7.94,82.6
5/14/2022,Magura,5.45,89.7
5/14/2022,Kalawellawa,7.25,66.8
5/13/2022,Putupaula,2.31,96
5/13/2022,Ellagawa,8.79,84.5
5/13/2022,Rathnapura,6.4,79.5
5/13/2022,Magura,3.1,22.9
5/13/2022,Kalawellawa,5.78,95.2
5/12/2022,Putupaula,2.14,5.1
5/12/2022,Ellagawa,8.64,17.5
5/12/2022,Rathnapura,3.84,32.4
5/12/2022,Magura,2.32,9.8
5/12/2022,Kalawellawa,4.86,23.3
5/11/2022,Putupaula,2.04,8.9
5/11/2022,Ellagawa,8.71,12.5
5/11/2022,Rathnapura,6.02,51.2
5/11/2022,Magura,3.05,24.5
5/11/2022,Kalawellawa,5.27,10.2
5/7/2022,Putupaula,0.49,2.9
5/7/2022,Ellagawa,4.58,0.8
5/7/2022,Rathnapura,0.91,0
5/7/2022,Magura,1.98,0
5/7/2022,Kalawellawa,2.6,0
5/6/2022,Putupaula,0.6,60.1
5/6/2022,Ellagawa,4.91,0.7
5/6/2022,Rathnapura,1.19,7.5
5/6/2022,Magura,2.73,32.4
5/6/2022,Kalawellawa,2.95,17.8
5/5/2022,Putupaula,0.6,4.9
5/5/2022,Ellagawa,4.8,33.2
5/5/2022,Rathnapura,1.15,0.1
5/5/2022,Magura,1.74,8.6
5/5/2022,Kalawellawa,2.76,29
4/24/2022,Putupaula,0.58,0
4/24/2022,Ellagawa,5.47,16.2
4/24/2022,Rathnapura,1.72,17.9
4/24/2022,Magura,1.46,2.3
4/24/2022,Kalawellawa,2.75,0
4/16/2022,Putupaula,0.24,0
4/16/2022,Ellagawa,4.45,0
4/16/2022,Rathnapura,1.21,0
4/16/2022,Magura,1.42,0
4/16/2022,Kalawellawa,2.18,0
4/11/2022,Putupaula,0.89,30.7
4/11/2022,Ellagawa,5.53,13.5
4/11/2022,Rathnapura,1.18,13.3
4/11/2022,Magura,2.35,4.7
4/11/2022,Kalawellawa,3.79,14.8
4/10/2022,Putupaula,1.01,38.8
4/10/2022,Ellagawa,5.8,107.7
4/10/2022,Rathnapura,1.45,13.7
4/10/2022,Magura,2.85,7.3
4/10/2022,Kalawellawa,4.05,9.5
4/9/2022,Putupaula,0.85,33
4/9/2022,Ellagawa,6.23,9.4
4/9/2022,Rathnapura,2.54,18.1
4/9/2022,Magura,2.2,7.1
4/9/2022,Kalawellawa,3.05,46.9
2/13/2022,Putupaula,0.58,49.5
2/13/2022,Ellagawa,6.08,45.6
2/13/2022,Rathnapura,3.97,21
2/13/2022,Magura,2.97,34.4
2/13/2022,Kalawellawa,3.92,70.2
1/13/2022,Putupaula,0.58,3.7
1/13/2022,Ellagawa,4.4,0
1/13/2022,Rathnapura,0.82,12.3
1/13/2022,Magura,1.41,3
1/13/2022,Kalawellawa,2.38,0
1/10/2022,Putupaula,1.11,3.7
1/10/2022,Ellagawa,5.4,22.1
1/10/2022,Rathnapura,1.76,1.8
1/10/2022,Magura,4.88,24.3
1/10/2022,Kalawellawa,5.18,144.7
12/20/2021,Putupaula,0.85,0
12/20/2021,Ellagawa,5.38,0
12/20/2021,Rathnapura,1.49,0
12/20/2021,Magura,1.85,2.2
12/20/2021,Kalawellawa,3.43,0
12/19/2021,Putupaula,1.07,44.6
12/19/2021,Ellagawa,5.74,19.3
12/19/2021,Rathnapura,2.5,31.3
12/19/2021,Magura,1.43,12.8
12/19/2021,Kalawellawa,3.84,32.3
12/9/2021,Putupaula,0.8,0
12/9/2021,Ellagawa,5.72,1.5
12/9/2021,Rathnapura,2.3,2.7
12/9/2021,Magura,1.13,0
12/9/2021,Kalawellawa,2.36,0
12/8/2021,Putupaula,1.13,0
12/8/2021,Ellagawa,6.32,0
12/8/2021,Rathnapura,2.17,0
12/8/2021,Magura,1.25,0
12/8/2021,Kalawellawa,3.04,0
12/7/2021,Putupaula,1.36,43.5
12/7/2021,Ellagawa,7.64,10
12/7/2021,Rathnapura,5.17,6.5
12/7/2021,Magura,1.45,0
12/7/2021,Kalawellawa,3.34,1.6
12/5/2021,Putupaula,1.1,0
12/5/2021,Ellagawa,7.17,2
12/5/2021,Rathnapura,3.29,21.2
12/5/2021,Magura,1.31,0
12/5/2021,Kalawellawa,3.29,9.3
12/2/2021,Putupaula,1.21,3
12/2/2021,Ellagawa,6.95,0.3
12/2/2021,Rathnapura,2.31,5.3
12/2/2021,Magura,3.08,44
12/2/2021,Kalawellawa,4.35,0
12/1/2021,Putupaula,1.24,50.7
12/1/2021,Ellagawa,6.55,29.3
12/1/2021,Rathnapura,2.65,10.6
12/1/2021,Magura,1.6,7.4
12/1/2021,Kalawellawa,4.07,30.5
11/30/2021,Putupaula,0.92,0
11/30/2021,Ellagawa,6.1,0.3
11/30/2021,Rathnapura,2.25,27.2
11/30/2021,Magura,1.57,0
11/30/2021,Kalawellawa,2.88,0
11/29/2021,Putupaula,1.53,23.2
11/29/2021,Ellagawa,6.55,8.7
11/29/2021,Rathnapura,1.82,4.1
11/29/2021,Magura,1.85,57.7
11/29/2021,Kalawellawa,4.38,25.8
11/28/2021,Putupaula,1.66,9.6
11/28/2021,Ellagawa,7.63,118.4
11/28/2021,Rathnapura,3.82,8.1
11/28/2021,Magura,2.55,44.8
11/28/2021,Kalawellawa,4.62,62.9
11/27/2021,Putupaula,1,0.8
11/27/2021,Ellagawa,5.93,9
11/27/2021,Rathnapura,2.42,1.3
11/27/2021,Magura,1.44,0
11/27/2021,Kalawellawa,2.8,0.9
11/25/2021,Putupaula,1.84,59.7
11/25/2021,Ellagawa,7.51,45.3
11/25/2021,Rathnapura,2.56,53.7
11/25/2021,Magura,2.46,50.9
11/25/2021,Kalawellawa,4.53,67.8
11/20/2021,Putupaula,1.61,46.5
11/20/2021,Ellagawa,7.4,40.3
11/20/2021,Rathnapura,3.09,40.4
11/20/2021,Magura,2.55,36.1
11/20/2021,Kalawellawa,5.03,55.8
11/16/2021,Putupaula,1.53,35.2
11/16/2021,Ellagawa,7.25,33.7
11/16/2021,Rathnapura,3.7,19.3
11/16/2021,Magura,3.47,63.9
11/16/2021,Kalawellawa,4.66,42.1
11/15/2021,Putupaula,1.19,22.1
11/15/2021,Ellagawa,6.66,36.1
11/15/2021,Rathnapura,2.49,44
11/15/2021,Magura,2.03,8.1
11/15/2021,Kalawellawa,3.65,33.9
11/14/2021,Putupaula,1.02,0.9
11/14/2021,Ellagawa,6.14,17.9
11/14/2021,Rathnapura,1.91,0
11/14/2021,Magura,1.7,0
11/14/2021,Kalawellawa,3.13,0
11/13/2021,Putupaula,1.75,12.2
11/13/2021,Ellagawa,7.74,11.8
11/13/2021,Rathnapura,2.86,25
11/13/2021,Magura,2.07,15.4
11/13/2021,Kalawellawa,4.55,10.4
11/12/2021,Putupaula,2.26,18.9
11/12/2021,Ellagawa,6.38,8.2
11/12/2021,Rathnapura,2.36,16.2
11/12/2021,Magura,2.15,25.4
11/12/2021,Kalawellawa,5.43,14.3
11/11/2021,Putupaula,3.39,1.1
11/11/2021,Ellagawa,8.34,0
11/11/2021,Rathnapura,2.35,2.3
11/11/2021,Magura,2.38,0
11/11/2021,Kalawellawa,6.97,0.3
11/10/2021,Putupaula,3.69,14.9
11/10/2021,Ellagawa,9.64,18
11/10/2021,Rathnapura,4.09,1.7
11/10/2021,Magura,3.65,1.4
11/10/2021,Kalawellawa,7.77,7.7
11/9/2021,Putupaula,3.65,84.6
11/9/2021,Ellagawa,9.85,67.4
11/9/2021,Rathnapura,5.77,52.4
11/9/2021,Magura,5.2,45.9
11/9/2021,Kalawellawa,7.96,73.7
11/8/2021,Putupaula,2.86,106.5
11/8/2021,Ellagawa,9.15,66
11/8/2021,Rathnapura,5.7,54.6
11/8/2021,Magura,5.34,88
11/8/2021,Kalawellawa,6.97,101.3
11/7/2021,Putupaula,1.74,36.8
11/7/2021,Ellagawa,8.06,80.3
11/7/2021,Rathnapura,4.77,55.7
11/7/2021,Magura,4.06,53.7
11/7/2021,Kalawellawa,5.1,42.2
11/5/2021,Putupaula,0.75,12.4
11/5/2021,Ellagawa,5.65,6.8
11/5/2021,Rathnapura,1.45,4.8
11/5/2021,Magura,3.38,12.3
11/5/2021,Kalawellawa,3.44,7.3
11/4/2021,Putupaula,1.19,6.3
11/4/2021,Ellagawa,5.67,22
11/4/2021,Rathnapura,1.6,1.3
11/4/2021,Magura,2.18,0
11/4/2021,Kalawellawa,4.17,3.3
11/3/2021,Putupaula,1.86,0
11/3/2021,Ellagawa,6.72,12
11/3/2021,Rathnapura,2.33,2.5
11/3/2021,Magura,3.79,33.1
11/3/2021,Kalawellawa,5.76,55.7
11/2/2021,Putupaula,2.23,22
11/2/2021,Ellagawa,7.76,22.5
11/2/2021,Rathnapura,2.64,14.7
11/2/2021,Magura,4.45,6.9
11/2/2021,Kalawellawa,6.11,21.2
11/1/2021,Putupaula,1.67,101.2
11/1/2021,Ellagawa,7.4,81.5
11/1/2021,Rathnapura,5,37.5
11/1/2021,Magura,5.98,73.1
11/1/2021,Kalawellawa,5.3,59.9
10/27/2021,Putupaula,1.04,10.7
10/27/2021,Ellagawa,7.15,18.9
10/27/2021,Rathnapura,3.9,26
10/27/2021,Magura,1.6,15.1
10/27/2021,Kalawellawa,2.96,16.8
10/21/2021,Putupaula,0.81,15.2
10/21/2021,Ellagawa,5.74,1
10/21/2021,Rathnapura,1.78,15.4
10/21/2021,Magura,2.99,25.6
10/21/2021,Kalawellawa,4.69,27.3
10/8/2021,Putupaula,2.35,0
10/8/2021,Ellagawa,6.35,0
10/8/2021,Rathnapura,1.83,0
10/8/2021,Magura,2.43,0
10/8/2021,Kalawellawa,6.38,0
10/7/2021,Putupaula,2.92,1.6
10/7/2021,Ellagawa,8.3,0
10/7/2021,Rathnapura,3.01,0.9
10/7/2021,Magura,3.99,0.8
10/7/2021,Kalawellawa,7,0
10/6/2021,Putupaula,2.64,63.5
10/6/2021,Ellagawa,8.56,55.1
10/6/2021,Rathnapura,4.75,56.4
10/6/2021,Magura,5.28,97.9
10/6/2021,Kalawellawa,6.51,126.2
10/2/2021,Putupaula,2.05,111.7
10/2/2021,Ellagawa,7.85,60.8
10/2/2021,Rathnapura,3.97,56.1
10/2/2021,Magura,3.5,51.2
10/2/2021,Kalawellawa,5.57,83.4
9/28/2021,Putupaula,2.12,14.3
9/28/2021,Ellagawa,8.24,43.8
9/28/2021,Rathnapura,3.1,23.2
9/28/2021,Magura,2.35,18.3
9/28/2021,Kalawellawa,4.88,20.2
9/27/2021,Putupaula,1.82,19.2
9/27/2021,Ellagawa,8.02,38.2
9/27/2021,Rathnapura,5.2,53.3
9/27/2021,Magura,3.12,32.2
9/27/2021,Kalawellawa,5.09,22.2
9/25/2021,Putupaula,1.05,13.2
9/25/2021,Ellagawa,6.41,78.5
9/25/2021,Rathnapura,2.57,8.9
9/25/2021,Magura,1.79,8.5
9/25/2021,Kalawellawa,2.6,3.2
9/22/2021,Putupaula,0.89,17.2
9/22/2021,Ellagawa,5.38,8.3
9/22/2021,Rathnapura,1.25,30.1
9/22/2021,Magura,1.75,22.7
9/22/2021,Kalawellawa,2.97,34
9/5/2021,Putupaula,1.4,7.7
9/5/2021,Ellagawa,6.95,40.2
9/5/2021,Rathnapura,3.11,24
9/5/2021,Magura,3.99,36
9/5/2021,Kalawellawa,4.98,30.7
8/28/2021,Putupaula,1.37,9.1
8/28/2021,Ellagawa,6.22,22.3
8/28/2021,Rathnapura,1.72,10.6
8/28/2021,Magura,2.12,8.7
8/28/2021,Kalawellawa,4.18,9
8/27/2021,Putupaula,1.31,36.6
8/27/2021,Ellagawa,6.24,48.1
8/27/2021,Rathnapura,2.4,30.5
8/27/2021,Magura,3.11,31.3
8/27/2021,Kalawellawa,4.67,55.9
8/26/2021,Putupaula,0.78,10.7
8/26/2021,Ellagawa,5.3,40.2
8/26/2021,Rathnapura,1.43,27.7
8/26/2021,Magura,2.75,49.7
8/26/2021,Kalawellawa,2.96,34.5
8/13/2021,Putupaula,1.54,1.4
8/13/2021,Ellagawa,8.13,15.7
8/13/2021,Rathnapura,3.85,20.1
8/13/2021,Magura,1.56,7.4
8/13/2021,Kalawellawa,3.71,4.4
8/9/2021,Putupaula,1.87,4.3
8/9/2021,Ellagawa,8.07,34.9
8/9/2021,Rathnapura,3.51,13.3
8/9/2021,Magura,4.05,17.5
8/9/2021,Kalawellawa,5.5,9.4
7/12/2021,Putupaula,3.21,0.5
7/12/2021,Ellagawa,9.74,0
7/12/2021,Rathnapura,4.59,3.1
7/12/2021,Magura,2.59,0
7/12/2021,Kalawellawa,7.19,2.1
7/11/2021,Putupaula,2.81,7
7/11/2021,Ellagawa,9.77,3.3
7/11/2021,Rathnapura,6.77,4.1
7/11/2021,Magura,4.5,9.8
7/11/2021,Kalawellawa,7.53,9.6
7/10/2021,Putupaula,1.98,13.6
7/10/2021,Ellagawa,8.6,83.6
7/10/2021,Rathnapura,8.92,128.2
7/10/2021,Magura,5.54,104.3
7/10/2021,Kalawellawa,5.91,43.8
7/2/2021,Putupaula,1.78,118.4
7/2/2021,Ellagawa,6.72,49.2
7/2/2021,Rathnapura,2.83,36
7/2/2021,Magura,4.58,50.1
7/2/2021,Kalawellawa,5.53,137.1
6/14/2021,Putupaula,1.56,36.2
6/14/2021,Ellagawa,7.91,68.3
6/14/2021,Rathnapura,6.17,52.2
6/14/2021,Magura,3.05,40.4
6/14/2021,Kalawellawa,4.83,50.4
6/10/2021,Putupaula,3.2,19.5
6/10/2021,Ellagawa,8.88,27.6
6/10/2021,Rathnapura,4.01,8.2
6/10/2021,Magura,2.65,9.3
6/10/2021,Kalawellawa,7.12,14.7
6/9/2021,Putupaula,3.54,8.2
6/9/2021,Ellagawa,8.84,18.5
6/9/2021,Rathnapura,6.15,48.4
6/9/2021,Magura,3.66,17.4
6/9/2021,Kalawellawa,7.63,20.8
6/8/2021,Putupaula,4.23,4
6/8/2021,Ellagawa,9.2,13.1
6/8/2021,Rathnapura,2.77,8.1
6/8/2021,Magura,3.54,52.4
6/8/2021,Kalawellawa,8,16.7
6/7/2021,Putupaula,4.69,0
6/7/2021,Ellagawa,10.31,2.2
6/7/2021,Rathnapura,4.35,0.3
6/7/2021,Magura,3.21,0
6/7/2021,Kalawellawa,8.86,0
6/6/2021,Putupaula,4.87,5.2
6/6/2021,Ellagawa,11.11,0.9
6/6/2021,Rathnapura,5.91,2.5
6/6/2021,Magura,4.66,0
6/6/2021,Kalawellawa,9.71,
6/5/2021,Putupaula,4.64,57.3
6/5/2021,Ellagawa,11.22,69.4
6/5/2021,Rathnapura,6.71,62.4
6/5/2021,Magura,5.88,51
6/5/2021,Kalawellawa,9.72,46.9
6/4/2021,Putupaula,3.93,227.3
6/4/2021,Ellagawa,11.08,296.1
6/4/2021,Rathnapura,6.84,137.9
6/4/2021,Magura,6.15,231.2
6/4/2021,Kalawellawa,8.22,222.3
6/3/2021,Putupaula,2.26,17
6/3/2021,Ellagawa,9.45,314.6
6/3/2021,Rathnapura,2.47,47.7
6/3/2021,Magura,5.23,121.18
6/3/2021,Kalawellawa,5.92,103.8
5/31/2021,Putupaula,1.07,4
5/31/2021,Ellagawa,6.15,0.5
5/31/2021,Rathnapura,2,7.3
5/31/2021,Magura,1.9,0
5/31/2021,Kalawellawa,3.7,0
5/30/2021,Putupaula,2.03,8.7
5/30/2021,Ellagawa,7.02,32.1
5/30/2021,Rathnapura,2.57,18.7
5/30/2021,Magura,2.31,26.6
5/30/2021,Kalawellawa,4.78,14
5/29/2021,Putupaula,2.95,2.5
5/29/2021,Ellagawa,8.85,8.9
5/29/2021,Rathnapura,3.29,8.6
5/29/2021,Magura,2.12,6.1
5/29/2021,Kalawellawa,5.77,2.5
5/28/2021,Putupaula,3.29,1.7
5/28/2021,Ellagawa,9.82,32
5/28/2021,Rathnapura,4.88,7.6
5/28/2021,Magura,2.64,10.4
5/28/2021,Kalawellawa,6.66,5.3
5/27/2021,Putupaula,3.31,9
5/27/2021,Ellagawa,10.21,45.7
5/27/2021,Rathnapura,6.07,30.6
5/27/2021,Magura,3.49,41.7
5/27/2021,Kalawellawa,6.95,22.1
5/26/2021,Putupaula,3.02,3.8
5/26/2021,Ellagawa,9.94,26.4
5/26/2021,Rathnapura,7.03,40
5/26/2021,Magura,3.68,25
5/26/2021,Kalawellawa,6.96,12
5/25/2021,Putupaula,2.44,21.5
5/25/2021,Ellagawa,9.02,87.7
5/25/2021,Rathnapura,8.01,104.8
5/25/2021,Magura,4.27,43
5/25/2021,Kalawellawa,6.25,35.9
5/24/2021,Putupaula,1.71,42.7
5/24/2021,Ellagawa,7.62,79.7
5/24/2021,Rathnapura,4.01,47
5/24/2021,Magura,3.6,44
5/24/2021,Kalawellawa,5.25,34
5/18/2021,Putupaula,0.98,0.7
5/18/2021,Ellagawa,5.11,0
5/18/2021,Rathnapura,1.18,0
5/18/2021,Magura,1.74,1
5/18/2021,Kalawellawa,3.17,0
5/17/2021,Putupaula,1.95,0
5/17/2021,Ellagawa,5.48,0
5/17/2021,Rathnapura,1.36,0
5/17/2021,Magura,2.05,0
5/17/2021,Kalawellawa,6.13,0
5/16/2021,Putupaula,3,0.9
5/16/2021,Ellagawa,6.81,0
5/16/2021,Rathnapura,1.72,0
5/16/2021,Magura,3.04,0
5/16/2021,Kalawellawa,7.47,2.4
5/15/2021,Putupaula,3.36,28.1
5/15/2021,Ellagawa,8.5,7.1
5/15/2021,Rathnapura,3.57,0.9
5/15/2021,Magura,4.94,21.2
5/15/2021,Kalawellawa,7.93,32.7
5/14/2021,Putupaula,3.15,103.5
5/14/2021,Ellagawa,8.54,191.2
5/14/2021,Rathnapura,4.74,53.6
5/14/2021,Magura,6.3,121.5
5/14/2021,Kalawellawa,7.37,167
5/12/2021,Putupaula,0.9,8.8
5/12/2021,Ellagawa,6.27,5.1
5/12/2021,Rathnapura,3.7,5.8
5/12/2021,Magura,1.73,2
5/12/2021,Kalawellawa,3.25,10.9
5/10/2021,Putupaula,1.74,8.6
5/10/2021,Ellagawa,7.32,12
5/10/2021,Rathnapura,3.18,67.3
5/10/2021,Magura,2.36,28.7
5/10/2021,Kalawellawa,4.83,44.1
5/9/2021,Putupaula,1.49,8
5/9/2021,Ellagawa,7.19,13.6
5/9/2021,Rathnapura,4.56,10.4
5/9/2021,Magura,4.5,6.5
5/9/2021,Kalawellawa,4.73,36.3
5/8/2021,Putupaula,1.49,30.7
5/8/2021,Ellagawa,,
5/8/2021,Rathnapura,4.13,6.2
5/8/2021,Magura,2.76,38.5
5/8/2021,Kalawellawa,4.32,16.6
5/7/2021,Putupaula,1.42,19.2
5/7/2021,Ellagawa,6.98,19.4
5/7/2021,Rathnapura,3.4,24.6
5/7/2021,Magura,2.25,11.1
5/7/2021,Kalawellawa,4.12,41.8
5/6/2021,Putupaula,1.54,47.9
5/6/2021,Ellagawa,6.61,25.3
5/6/2021,Rathnapura,2.54,0
5/6/2021,Magura,2.31,43.2
5/6/2021,Kalawellawa,4.43,4.4
5/5/2021,Putupaula,1.95,2.6
5/5/2021,Ellagawa,8.17,32.1
5/5/2021,Rathnapura,2.98,17.6
5/5/2021,Magura,2.23,21.9
5/5/2021,Kalawellawa,4.79,10.4
5/4/2021,Putupaula,1.58,7.5
5/4/2021,Ellagawa,7.88,61.3
5/4/2021,Rathnapura,5.69,70
5/4/2021,Magura,3.16,23.1
5/4/2021,Kalawellawa,4.69,30.8
5/2/2021,Putupaula,0.68,0
5/2/2021,Ellagawa,5.15,3.2
5/2/2021,Rathnapura,1.27,59.5
5/2/2021,Magura,1.6,8.4
5/2/2021,Kalawellawa,2.39,7.6
4/30/2021,Putupaula,0.65,0.7
4/30/2021,Ellagawa,5.64,15
4/30/2021,Rathnapura,1.3,2.3
4/30/2021,Magura,1.86,0
4/30/2021,Kalawellawa,2.14,0
4/23/2021,Putupaula,1.03,44.8
4/23/2021,Ellagawa,7.19,49.8
4/23/2021,Rathnapura,4.5,70
4/23/2021,Magura,2.03,29.9
4/23/2021,Kalawellawa,4.21,54.7
3/27/2021,Putupaula,0.69,61
3/27/2021,Ellagawa,4.41,30
3/27/2021,Rathnapura,0.77,1.7
3/27/2021,Magura,1.17,6.5
3/27/2021,Kalawellawa,2.54,55.8
12/29/2020,Putupaula,0.52,8.3
12/29/2020,Ellagawa,4.93,14
12/29/2020,Rathnapura,2.3,0
12/29/2020,Magura,1.82,
12/29/2020,Kalawellawa,2.4,3.3
12/28/2020,Putupaula,0.46,0
12/28/2020,Ellagawa,4.81,0.5
12/28/2020,Rathnapura,1.7,3.6
12/28/2020,Magura,1.25,
12/28/2020,Kalawellawa,1.94,4
12/25/2020,Putupaula,1.32,0
12/25/2020,Ellagawa,6.41,0.6
12/25/2020,Rathnapura,2.04,48
12/25/2020,Magura,1.97,
12/25/2020,Kalawellawa,4.81,1
12/24/2020,Putupaula,1.32,1.3
12/24/2020,Ellagawa,6.6,15.4
12/24/2020,Rathnapura,2.36,27.6
12/24/2020,Magura,4.9,
12/24/2020,Kalawellawa,5.03,26.8
12/23/2020,Putupaula,0.79,8.3
12/23/2020,Ellagawa,4.6,14.2
12/23/2020,Rathnapura,0.92,4.8
12/23/2020,Kalawellawa,2,22.1
11/22/2020,Putupaula,1.51,1.2
11/22/2020,Ellagawa,6.14,0
11/22/2020,Rathnapura,2.27,32.7
11/22/2020,Kalawellawa,4.6,12.5
11/21/2020,Putupaula,1.9,17.3
11/21/2020,Ellagawa,7.22,107.1
11/21/2020,Rathnapura,3.37,25.1
11/21/2020,Kalawellawa,5.16,62.2
11/17/2020,Putupaula,1.31,8.9
11/17/2020,Ellagawa,6.01,2.5
11/17/2020,Rathnapura,2,0.9
11/17/2020,Kalawellawa,4.04,7
11/16/2020,Putupaula,1.25,32
11/16/2020,Ellagawa,5.54,16.2
11/16/2020,Rathnapura,1.7,10.7
11/16/2020,Kalawellawa,4.1,27.2
11/15/2020,Putupaula,1.58,22
11/15/2020,Ellagawa,6.05,0
11/15/2020,Rathnapura,2.09,11.2
11/15/2020,Kalawellawa,5.24,8.9
11/14/2020,Putupaula,1.68,14.6
11/14/2020,Ellagawa,6.8,7.1
11/14/2020,Rathnapura,3.2,40.7
11/14/2020,Kalawellawa,5.24,53.1
11/13/2020,Putupaula,1.53,15.6
11/13/2020,Ellagawa,5.83,1.2
11/13/2020,Rathnapura,2.03,1.8
11/13/2020,Kalawellawa,4.88,67.2
11/12/2020,Putupaula,1.67,6.1
11/12/2020,Ellagawa,7.02,2.7
11/12/2020,Rathnapura,3.78,0
11/12/2020,Kalawellawa,4.6,21.2
11/11/2020,Putupaula,1.43,3.6
11/11/2020,Ellagawa,6.88,30
11/11/2020,Rathnapura,5.07,19.8
11/11/2020,Kalawellawa,4.73,19.8
11/10/2020,Putupaula,1.53,6.8
11/10/2020,Ellagawa,6.43,23
11/10/2020,Rathnapura,2.93,0.1
11/10/2020,Kalawellawa,5.28,34.1
11/9/2020,Putupaula,1.55,12.3
11/9/2020,Ellagawa,1.66,34.2
11/9/2020,Rathnapura,2.84,17.3
11/9/2020,Kalawellawa,5.11,37.3
11/7/2020,Putupaula,1.09,0
11/7/2020,Ellagawa,5.85,0
11/7/2020,Rathnapura,2.07,0
11/7/2020,Kalawellawa,3.25,0
11/6/2020,Putupaula,1.25,1.2
11/6/2020,Ellagawa,6.4,6.2
11/6/2020,Rathnapura,3.7,2
11/6/2020,Kalawellawa,3.91,36.4
10/11/2020,Putupaula,0.66,6.2
10/11/2020,Ellagawa,4.97,20.2
10/11/2020,Rathnapura,1.53,28.2
10/11/2020,Kalawellawa,2.06,12.7
10/1/2020,Putupaula,1.34,0
10/1/2020,Ellagawa,6.91,41.4
10/1/2020,Rathnapura,2.63,18.6
10/1/2020,Kalawellawa,4.51,1
9/23/2020,Putupaula,2.39,4.8
9/23/2020,Ellagawa,7.51,14.6
9/23/2020,Rathnapura,2.83,8.8
9/23/2020,Kalawellawa,5.93,1.3
9/21/2020,Putupaula,2.43,22.3
9/21/2020,Ellagawa,8.16,29.7
9/21/2020,Rathnapura,4.36,36.3
9/21/2020,Kalawellawa,5.7,19.8
9/20/2020,Putupaula,2.39,24.2
9/20/2020,Ellagawa,8.73,32.9
9/20/2020,Rathnapura,4.1,32.4
9/20/2020,Kalawellawa,5.34,13.3
9/9/2020,Putupaula,1.54,36.8
9/9/2020,Ellagawa,5.42,29
9/9/2020,Rathnapura,2,8.7
9/9/2020,Kalawellawa,5.06,18.2
9/8/2020,Putupaula,2.36,0
9/8/2020,Ellagawa,6.66,0
9/8/2020,Rathnapura,1.18,0
9/8/2020,Kalawellawa,6.3,0
9/7/2020,Putupaula,2.3,82.8
9/7/2020,Ellagawa,8.26,195.3
9/7/2020,Rathnapura,3.38,82.4
9/7/2020,Kalawellawa,8.95,70
9/3/2020,Putupaula,1.96,34.4
9/3/2020,Ellagawa,5.68,24.7
9/3/2020,Rathnapura,1,8.4
9/3/2020,Kalawellawa,5.7,26.2
9/2/2020,Putupaula,2.26,12
9/2/2020,Ellagawa,6.67,18.1
9/2/2020,Rathnapura,1.88,5.8
9/2/2020,Kalawellawa,5.65,8.1
5/30/2020,Putupaula,2.02,0
5/30/2020,Ellagawa,6.21,0
5/30/2020,Rathnapura,1.71,32
5/30/2020,Kalawellawa,6.36,0
5/29/2020,Putupaula,2.66,6.3
5/29/2020,Ellagawa,7.25,12
5/29/2020,Rathnapura,2.3,23.1
5/29/2020,Kalawellawa,7.13,34.5
5/28/2020,Putupaula,2.65,0.5
5/28/2020,Ellagawa,8.42,8.5
5/28/2020,Rathnapura,3.18,18.2
5/28/2020,Kalawellawa,6.93,0
5/20/2020,Rathnapura,8.08,6.1
5/20/2020,Ellagawa,9.2,4.1
5/20/2020,Kalawellawa,6.28,0.8
5/20/2020,Putupaula,2.4,0
5/16/2020,Rathnapura,5.2,136.3
5/16/2020,Ellagawa,1.63,113.9
5/16/2020,Kalawellawa,4.57,75
5/16/2020,Putupaula,1.52,140.1
12/2/2019,Putupaula,2.23,2
12/2/2019,Ellagawa,8.1,38.3
12/2/2019,Rathnapura,3.66,25.8
12/2/2019,Kalawellawa,5.69,3.8
12/1/2019,Putupaula,2.23,0.8
12/1/2019,Ellagawa,8.16,38.2
12/1/2019,Rathnapura,3.61,35.2
12/1/2019,Kalawellawa,5.66,2.1
11/17/2019,Rathnapura,2.97,6.6
11/17/2019,Ellagawa,5.36,6.7
11/17/2019,Kalawellawa,3.53,13.9
11/17/2019,Putupaula,0.98,27.1
11/16/2019,Rathnapura,1.3,0
11/16/2019,Ellagawa,5.15,4.8
11/16/2019,Kalawellawa,2.96,9.6
11/16/2019,Putupaula,0.83,12.8
10/23/2019,Rathnapura,2.85,6.2
10/23/2019,Ellagawa,8.42,19.5
10/23/2019,Kalawellawa,5.4,2.2
10/23/2019,Putupaula,2.97,2.8
10/22/2019,Rathnapura,4.02,18.4
10/22/2019,Ellagawa,8.88,30.1
10/22/2019,Kalawellawa,5.76,4.3
10/22/2019,Putupaula,2.94,0
9/29/2019,Rathnapura,2.1,15.9
9/29/2019,Ellagawa,6.03,2.3
9/29/2019,Kalawellawa,4.42,5.8
9/29/2019,Putupaula,1.54,8.3
9/28/2019,Rathnapura,1.45,1.7
9/28/2019,Ellagawa,5.6,1
9/28/2019,Kalawellawa,5.91,0
9/28/2019,Putupaula,1.8,1.3
9/27/2019,Rathnapura,1.9,40.9
9/27/2019,Ellagawa,6.1,6.3
9/27/2019,Kalawellawa,7.04,17.5
9/27/2019,Putupaula,2.65,18
9/26/2019,Rathnapura,3.9,36.7
9/26/2019,Ellagawa,7.7,11
9/26/2019,Kalawellawa,7.8,13.3
9/26/2019,Putupaula,3.04,30.5
9/25/2019,Rathnapura,3.6,36.7
9/25/2019,Ellagawa,7.68,12.2
9/25/2019,Kalawellawa,7.7,13.3
9/25/2019,Putupaula,3.11,31.6
9/24/2019,Rathnapura,2.8,8.6
9/24/2019,Ellagawa,7.96,5.6
9/24/2019,Kalawellawa,7.51,10.5
9/24/2019,Putupaula,3.01,14.2
9/23/2019,Rathnapura,2.55,25.9
9/23/2019,Ellagawa,7.54,51.6
9/23/2019,Kalawellawa,6.41,49.6
9/23/2019,Putupaula,2.83,149.9
9/22/2019,Rathnapura,1.74,0
9/22/2019,Ellagawa,5.83,1
9/22/2019,Kalawellawa,5.14,0
9/22/2019,Putupaula,1.42,0
9/18/2019,Rathnapura,4.2,37.2
9/18/2019,Ellagawa,8.6,26.1
9/18/2019,Kalawellawa,6.78,7.3
9/18/2019,Putupaula,3,27.7
9/17/2019,Rathnapura,1.41,70.1
9/17/2019,Ellagawa,8.74,27.6
9/17/2019,Kalawellawa,6.75,8.1
9/17/2019,Putupaula,3,20.2
9/16/2019,Rathnapura,4.57,6.7
9/16/2019,Ellagawa,8.77,9.9
9/16/2019,Kalawellawa,6.47,7.9
9/16/2019,Putupaula,3,8.5
8/31/2019,Rathnapura,4,5.2
8/31/2019,Ellagawa,8.63,1
8/31/2019,Kalawellawa,6.04,0
8/31/2019,Putupaula,2.62,0
8/15/2019,Rathnapura,4.35,0
8/15/2019,Ellagawa,9.31,0
8/15/2019,Kalawellawa,6.79,0
8/15/2019,Putupaula,3,0
8/14/2019,Rathnapura,6.02,7
8/14/2019,Ellagawa,9.4,9.2
8/14/2019,Kalawellawa,6.68,9.3
8/14/2019,Putupaula,2.96,20.4
7/19/2019,Rathnapura,6.97,2.2
7/19/2019,Ellagawa,8.15,0
7/19/2019,Kalawellawa,4.88,13.6
7/19/2019,Putupaula,1.64,0
7/18/2019,Rathnapura,7.47,23.8
7/18/2019,Ellagawa,7.3,22.5
7/18/2019,Kalawellawa,4.08,5.2
7/18/2019,Putupaula,1.3,0.7
7/10/2019,Rathnapura,3.95,2.1
7/10/2019,Ellagawa,7.42,14.3
7/10/2019,Kalawellawa,4.7,9
7/10/2019,Putupaula,1.65,7.9
11/10/2018,Rathnapura,1.75,0
11/10/2018,Ellagawa,6.66,2
11/10/2018,Kalawellawa,5.95,0
11/10/2018,Putupaula,2.52,0
11/9/2018,Rathnapura,4.05,82.1
11/9/2018,Ellagawa,8.3,93.6
11/9/2018,Kalawellawa,5.8,94.6
11/9/2018,Putupaula,2.62,97.2
11/8/2018,Rathnapura,2.55,86
11/8/2018,Ellagawa,7,103.8
11/8/2018,Kalawellawa,3.99,74.9
11/8/2018,Putupaula,1.48,93.2
11/7/2018,Rathnapura,1.12,0
11/7/2018,Ellagawa,5.97,0
11/7/2018,Kalawellawa,4.34,0
11/7/2018,Putupaula,1.28,0
10/20/2018,Rathnapura,2.35,33.7
10/20/2018,Ellagawa,6.25,39.3
10/20/2018,Kalawellawa,4.11,3.4
10/20/2018,Putupaula,1.13,0
10/11/2018,Rathnapura,1.4,0
10/11/2018,Ellagawa,6.34,1.2
10/11/2018,Kalawellawa,6.32,0
10/11/2018,Putupaula,2.36,0
10/10/2018,Rathnapura,1.52,0
10/10/2018,Ellagawa,7.44,3.3
10/10/2018,Kalawellawa,7.38,2.7
10/10/2018,Putupaula,3,20
10/9/2018,Rathnapura,1.87,3.3
10/9/2018,Ellagawa,7.7,386
10/9/2018,Kalawellawa,7.35,2.7
10/9/2018,Putupaula,3,57.6
10/8/2018,Rathnapura,1.29,16.2
10/8/2018,Ellagawa,6.28,83
10/8/2018,Kalawellawa,7.6,15.5
10/8/2018,Putupaula,2.97,2.8
10/7/2018,Rathnapura,2.09,13
10/7/2018,Ellagawa,8.14,1.6
10/7/2018,Kalawellawa,7.4,8.6
10/7/2018,Putupaula,3.4,3.7
10/6/2018,Rathnapura,1.55,25.4
10/6/2018,Ellagawa,5.79,36.6
10/6/2018,Kalawellawa,3.86,54.4
10/6/2018,Putupaula,1.39,95.8
6/8/2018,Rathnapura,5.7,45.4
6/8/2018,Ellagawa,8.77,16.2
6/8/2018,Kalawellawa,6.38,13.6
6/8/2018,Putupaula,2.42,5
6/7/2018,Rathnapura,6.3,44.8
6/7/2018,Ellagawa,8.62,16.2
6/7/2018,Kalawellawa,6.16,11.6
6/7/2018,Putupaula,2.3,5
5/28/2018,Rathnapura,2151,2.6
5/28/2018,Ellagawa,7.84,15.1
5/28/2018,Kalawellawa,6.18,6.6
5/28/2018,Putupaula,3.27,3.2
5/27/2018,Rathnapura,3.47,2.1
5/27/2018,Ellagawa,9.38,2.2
5/27/2018,Kalawellawa,7.13,5.8
5/27/2018,Putupaula,3.98,1.7
5/26/2018,Rathnapura,3.81,0.1
5/26/2018,Ellagawa,9.7,2.2
5/26/2018,Kalawellawa,7.3,1.3
5/26/2018,Putupaula,4.17,0
5/25/2018,Rathnapura,6.04,9.4
5/25/2018,Ellagawa,11.14,35.8
5/25/2018,Kalawellawa,8.43,38
5/25/2018,Putupaula,4.6,25.7
5/24/2018,Rathnapura,6.25,9.1
5/24/2018,Ellagawa,11.13,11.9
5/24/2018,Kalawellawa,8.43,38
5/24/2018,Putupaula,4.59,2.7
5/23/2018,Rathnapura,6.48,3
5/23/2018,Ellagawa,11.28,23.9
5/23/2018,Kalawellawa,8.86,8
5/23/2018,Putupaula,4.3,12.3
5/22/2018,Rathnapura,7.19,3
5/22/2018,Ellagawa,11.3,21.2
5/22/2018,Kalawellawa,9.14,4.5
5/22/2018,Putupaula,4.12,12.3
5/21/2018,Rathnapura,8.99,124.1
5/21/2018,Ellagawa,10.35,26.9
5/21/2018,Kalawellawa,9,22
5/21/2018,Putupaula,3.48,2
10/8/2018,Rathnapura,1.3,6.4
10/8/2018,Ellagawa,6.48,5.5
10/8/2018,Kalawellawa,7.62,0.8
10/8/2018,Putupaula,0.03,2.8
